raw-query,html_link,relevance,usability,quality
how to choose a good hirstyle for men,https://www.wikihow.com/Create-a-Good-Hair-Care-Routine-(for-Men),,,
how to choose a good hirstyle for men,https://www.wikihow.com/Condition-Your-Hair-with-Beer-and-Chamomile,,,
how to choose a good hirstyle for men,https://www.wikihow.com/Comb-Your-Hair-(Men),,,
how to choose a good hirstyle for men,https://www.wikihow.com/Get-Good-Looking-Hair-(Milk-Conditioning),,,
how to choose a good hirstyle for men,https://www.wikihow.com/Get-Curly-Hair-(Men),,,
how to choose a good hirstyle for men,https://www.wikihow.com/Style-Your-Hair-(Male),,,
how to choose a good hirstyle for men,https://www.wikihow.com/Style-Short-Hair-(Men),,,
how to choose a good hirstyle for men,https://www.wikihow.com/Cut-Your-Own-Hair-(Men),,,
how to choose a good hirstyle for men,https://www.wikihow.com/Thicken-Men%27s-Hair-Naturally,,,
how to choose a good hirstyle for men,https://www.wikihow.com/Achieve-Gorgeous-Looking-Hair-With-Healthy-Eating,,,
how to learn a new language,https://www.wikihow.com/Learn-New-Things,,,
how to learn a new language,https://www.wikihow.com/Learn-Something-New-Every-Day,,,
how to learn a new language,https://www.wikihow.com/Learn-Emotions-from-Dr.-Shrunk-in-Animal-Crossing:-New-Leaf,,,
how to learn a new language,https://www.wikihow.com/Learn-a-New-Language-Fast,,,
how to learn a new language,https://www.wikihow.com/Try-Something-New,,,
how to learn a new language,https://www.wikihow.com/Acquire-New-Skills,,,
how to learn a new language,https://www.wikihow.com/Teach-Yourself-a-New-Language,,,
how to learn a new language,https://www.wikihow.com/Do-Something-New,,,
how to learn a new language,https://www.wikihow.com/Learn-About-Other-Cultures,,,
how to learn a new language,https://www.wikihow.com/Learn-a-Language-by-Listening-to-the-Radio,,,
how to remove food stains from a carpet,https://www.wikihow.com/Remove-Fruit-Juice-Stains-from-Carpet,,,
how to remove food stains from a carpet,https://www.wikihow.com/Get-a-Bleach-Stain-Out-of-a-Carpet,,,
how to remove food stains from a carpet,https://www.wikihow.com/Remove-Jam-or-Jelly-Stains-from-Carpet,,,
how to remove food stains from a carpet,https://www.wikihow.com/Remove-Butter-or-Grease-Stains-from-a-Carpet,,,
how to remove food stains from a carpet,https://www.wikihow.com/Stain-a-Wood-Floor-by-Hand,,,
how to remove food stains from a carpet,https://www.wikihow.com/Remove-a-Carpet-Stain-With-an-Iron,,,
how to remove food stains from a carpet,https://www.wikihow.com/Get-Salt-Stains-out-of-Your-Car%27s-Carpet,,,
how to remove food stains from a carpet,https://www.wikihow.com/Remove-a-Coffee-Stain-from-Carpet,,,
how to remove food stains from a carpet,"https://www.wikihow.com/Clean-Ketchup,-Pasta-Sauce,-or-Barbecue-Sauce-off-a-Carpet",,,
how to remove food stains from a carpet,https://www.wikihow.com/Get-a-Cooking-Oil-Stain-out-of-Clothing,,,
how to wash a car with less water,https://www.wikihow.com/Wash-Your-Car-Using-Less-Water,,,
how to wash a car with less water,https://www.wikihow.com/Wash-a-Car-by-Hand,,,
how to wash a car with less water,https://www.wikihow.com/Wash-Your-Car-with-a-Pressure-Washer,,,
how to wash a car with less water,https://www.wikihow.com/Wash-Your-Car-Without-Water,,,
how to wash a car with less water,https://www.wikihow.com/Wash-Your-Car-in-the-Wintertime,,,
how to wash a car with less water,https://www.wikihow.com/Wash-Under-the-Hood-of-a-Car,,,
how to wash a car with less water,https://www.wikihow.com/Wash-a-Vehicle-with-Micro-Fiber-Cloths,,,
how to wash a car with less water,https://www.wikihow.com/Add-Windshield-Washer-Fluid-to-Your-Vehicle,,,
how to wash a car with less water,https://www.wikihow.com/Clean-Your-Car-With-Home-Ingredients,,,
how to wash a car with less water,https://www.wikihow.com/Use-a-Self-Service-Car-Wash,,,
how do I decorate an office,https://www.wikihow.com/Organize-Decorating-Ideas,,,
how do I decorate an office,https://www.wikihow.com/Start-a-Decorating-Business,,,
how do I decorate an office,https://www.wikihow.com/Decorate-Your-Room-in-the-Shabby-Chic-Style,,,
how do I decorate an office,https://www.wikihow.com/Recycle-Items-Into-Home-Decor,,,
how do I decorate an office,https://www.wikihow.com/Fake-Expensive-Decor,,,
how do I decorate an office,https://www.wikihow.com/Get-a-Job-as-a-Home-Decorator,,,
how do I decorate an office,https://www.wikihow.com/Remove-a-Radiator-for-Decorating,,,
how do I decorate an office,https://www.wikihow.com/Learn-About-Common-Cake-Decorating-Terms,,,
how do I decorate an office,https://www.wikihow.com/Accent-Home-Decor-with-Terra-Cotta,,,
how do I decorate an office,https://www.wikihow.com/Decorate-Your-Bedroom-Like-Aria-Montgomery%27s-from-Pretty-Little-Liars,,,
help me paint an interior wall,https://www.wikihow.com/Paint-an-Interior-Wall,,,
help me paint an interior wall,https://www.wikihow.com/Paint-Stripes-on-an-Interior-Wall,,,
help me paint an interior wall,https://www.wikihow.com/Paint-a-Brick-Wall-Interior,,,
help me paint an interior wall,https://www.wikihow.com/Create-Clean-Paint-Edges-on-Interior-Walls,,,
help me paint an interior wall,https://www.wikihow.com/Paint-Exterior-Walls-With-a-Paint-Sprayer,,,
help me paint an interior wall,https://www.wikihow.com/Paint-an-Interior-Door,,,
help me paint an interior wall,https://www.wikihow.com/Paint-the-Interior-of-a-House,,,
help me paint an interior wall,https://www.wikihow.com/Paint-a-Wall,,,
help me paint an interior wall,https://www.wikihow.com/Prepare-a-Wall-for-Paint,,,
help me paint an interior wall,https://www.wikihow.com/Decorate-an-Entire-Wall-Without-Paint,,,
how do you remove crown mold from a wall,https://www.wikihow.com/Make-Crown-Molding-from-Plaster-of-Paris,,,
how do you remove crown mold from a wall,https://www.wikihow.com/Install-Crown-Molding,,,
how do you remove crown mold from a wall,https://www.wikihow.com/Cut-Crown-Molding-for-Cabinets,,,
how do you remove crown mold from a wall,https://www.wikihow.com/Use-Crown-Moldings-to-Hold-Tacos,,,
how do you remove crown mold from a wall,https://www.wikihow.com/Cut-the-Outside-Corners-of-Crown-Molding,,,
how do you remove crown mold from a wall,https://www.wikihow.com/Cut-Crown-Molding-Inside-Corners,,,
how do you remove crown mold from a wall,https://www.wikihow.com/Cut-Crown-Molding,,,
how do you remove crown mold from a wall,https://www.wikihow.com/Troubleshoot-Mold-on-Interior-Walls,,,
how do you remove crown mold from a wall,https://www.wikihow.com/Remove-Crown-Molding,,,
how do you remove crown mold from a wall,https://www.wikihow.com/Clean-Black-Mold-in-a-Shower,,,
how to make homemade toothpaste,https://www.wikihow.com/Use-Toothpaste-(Household-Uses),,,
how to make homemade toothpaste,https://www.wikihow.com/Make-Peppermint-Toothpaste,,,
how to make homemade toothpaste,https://www.wikihow.com/Get-the-Most-from-a-Tube-of-Toothpaste,,,
how to make homemade toothpaste,"https://www.wikihow.com/Create-a-Home-Spa-Treatment-With-Nail-Polish,-Jojoba-Oil-and-Apricot-Exfoliator",,,
how to make homemade toothpaste,https://www.wikihow.com/Get-the-Last-of-the-Toothpaste-out-of-the-Tube,,,
how to make homemade toothpaste,https://www.wikihow.com/Find-Toothpaste-That-Doesn%27t-Hurt-your-Mouth,,,
how to make homemade toothpaste,https://www.wikihow.com/Clean-Your-Face-With-Toothpaste,,,
how to make homemade toothpaste,https://www.wikihow.com/Get-Toothpaste-out-of-Clothes,,,
how to make homemade toothpaste,https://www.wikihow.com/Home-Treat-a-Toothache-or-Any-Minor-Mouth-Infection,,,
how to make homemade toothpaste,https://www.wikihow.com/Make-Baking-Soda-Toothpaste,,,
how do I clean the fridge,https://www.wikihow.com/Clean-a-Frigidaire-Dishwasher,,,
how do I clean the fridge,https://www.wikihow.com/Make-a-St-Brigid%27s-Cross-with-Pipe-Cleaners,,,
how do I clean the fridge,https://www.wikihow.com/Clean-a-Suede-(Alcantara)-Steering-Wheel,,,
how do I clean the fridge,https://www.wikihow.com/Clean-a-Toilet-or-Bidet-Using-Bleach,,,
how do I clean the fridge,"https://www.wikihow.com/Be-Clean,-Fresh,-and-Cool",,,
how do I clean the fridge,https://www.wikihow.com/Clean-a-Milk-Frother,,,
how do I clean the fridge,https://www.wikihow.com/Clean-a-Suede-Purse,,,
how do I clean the fridge,https://www.wikihow.com/Look-Clean-and-Fresh-for-School,,,
how do I clean the fridge,https://www.wikihow.com/Clean-Oxidized-Silver,,,
how do I clean the fridge,https://www.wikihow.com/Spiritually-Cleanse-Your-Home-of-Psychic-Disturbances,,,
how can I screw in a nail,https://www.wikihow.com/Fix-Nail-Pops-in-Drywall,,,
how can I screw in a nail,https://www.wikihow.com/Rust-a-Nail,,,
how can I screw in a nail,https://www.wikihow.com/Trim-Toenails-with-Fungus,,,
how can I screw in a nail,https://www.wikihow.com/Fill-Nail-Holes-in-Trim,,,
how can I screw in a nail,https://www.wikihow.com/Unscrew-a-Screw-Without-a-Screwdriver,,,
how can I screw in a nail,https://www.wikihow.com/Remove-Nail-Polish-from-Around-the-Nails,,,
how can I screw in a nail,https://www.wikihow.com/Hold-Small-Screws-Steadily-on-the-Tip-of-a-Screwdriver,,,
how can I screw in a nail,https://www.wikihow.com/Add-Nailhead-Trim-to-Upholstery,,,
how can I screw in a nail,https://www.wikihow.com/Keep-a-Loose-Button-in-Place-with-Clear-Nail-Polish,,,
how can I screw in a nail,https://www.wikihow.com/Use-a-Rotary-Tool-to-Trim-Your-Pet%27s-Nails,,,
how to style curly hair,https://www.wikihow.com/Get-a-More-Curvy-Appearance-(Skinny-Girls),,,
how to style curly hair,https://www.wikihow.com/Style-Your-Hair-Like-Kesha%27s-Bedhead-Curls,,,
how to style curly hair,https://www.wikihow.com/Do-Your-Hair-Like-Hermione-Granger,,,
how to style curly hair,https://www.wikihow.com/Style-Curly-Hair-(for-Men),,,
how to style curly hair,https://www.wikihow.com/Do-a-Chignon-Hair-Style,,,
how to style curly hair,https://www.wikihow.com/Style-Your-Hair-(Male),,,
how to style curly hair,https://www.wikihow.com/Apply-Curd-on-Hair,,,
how to style curly hair,https://www.wikihow.com/Style-Medium-Length-Hair-for-Men,,,
how to style curly hair,https://www.wikihow.com/Do-Hair-Styles-With-a-Bump,,,
how to style curly hair,https://www.wikihow.com/Make-Frizzy-or-Curly-Hair-Into-Straight-Hair,,,
how to write a biography for a book,https://www.wikihow.com/Write-Fictional-Autobiographies-of-Inanimate-Objects,,,
how to write a biography for a book,https://www.wikihow.com/Write-a-CV-(Curriculum-Vitae),,,
how to write a biography for a book,https://www.wikihow.com/Write-an-Autobiography-for-School-Without-Feeling-Conceited,,,
how to write a biography for a book,https://www.wikihow.com/Write-a-Bio-for-a-Dating-Site,,,
how to write a biography for a book,https://www.wikihow.com/Write-a-Doctor%27s-Curriculum-Vitae,,,
how to write a biography for a book,https://www.wikihow.com/Teach-Students-to-Write-Main-Body-Paragraphs-Using-the-T.E.X.A.S.-Formula,,,
how to write a biography for a book,https://www.wikihow.com/Catalogue-Your-Bookshelf-with-Bibliophilia,,,
how to write a biography for a book,https://www.wikihow.com/Cite-Books-in-MLA-Bibliographies,,,
how to write a biography for a book,https://www.wikihow.com/Write-a-Book-on-Storiescity,,,
how to write a biography for a book,https://www.wikihow.com/Write-a-Book-Synopsis,,,
how to grow apples,https://www.wikihow.com/Grow-With-LED-Grow-Lights,,,
how to grow apples,https://www.wikihow.com/Get-the-Best-Ever-Ending-on-Grow-Island,,,
how to grow apples,https://www.wikihow.com/Promote-Root-Growth,,,
how to grow apples,https://www.wikihow.com/Grow-Houseplants-With-Grow-Lights,,,
how to grow apples,https://www.wikihow.com/Make-an-Account-in-Growtopia,,,
how to grow apples,https://www.wikihow.com/Grow-Your-Online-Business-Using-Facebook,,,
how to grow apples,https://www.wikihow.com/Grow-Beans-and-Peas,,,
how to grow apples,https://www.wikihow.com/Grow-a-Small-Business-Utilizing-Local-Business-Marketing,,,
how to grow apples,https://www.wikihow.com/Grow-Spiritually-(Christianity),,,
how to grow apples,https://www.wikihow.com/Grow-eBook-Sales,,,
how to grow strawberries,https://www.wikihow.com/Grow-Strawberries-from-the-Seed,,,
how to grow strawberries,https://www.wikihow.com/Grow-Strawberries-in-a-Pot,,,
how to grow strawberries,https://www.wikihow.com/Grow-Mugwort-(Artemisia),,,
how to grow strawberries,https://www.wikihow.com/Grow-Sarracenia-(North-American-Pitcher-Plants),,,
how to grow strawberries,https://www.wikihow.com/Grow-Strawberries,,,
how to grow strawberries,https://www.wikihow.com/Grow-Hydroponic-Strawberries,,,
how to grow strawberries,https://www.wikihow.com/Plant-Bare-Root-Strawberries,,,
how to grow strawberries,https://www.wikihow.com/Grow-Strawberry-Runners-With-Big-Root-Balls,,,
how to grow strawberries,https://www.wikihow.com/Grow-a-Straw-Bale-Garden,,,
how to grow strawberries,https://www.wikihow.com/Grow-Chinese-Evergreens-(Aglaonema),,,
how to grow cherry tomatoes,https://www.wikihow.com/Grow-Cherry-Tomatoes,,,
how to grow cherry tomatoes,https://www.wikihow.com/Use-Canned-Tart-Cherries,,,
how to grow cherry tomatoes,https://www.wikihow.com/Grow-a-Tomato-Plant,,,
how to grow cherry tomatoes,https://www.wikihow.com/Grow-Tomatoes-from-Seeds,,,
how to grow cherry tomatoes,https://www.wikihow.com/Grow-Okra-in-Pots,,,
how to grow cherry tomatoes,https://www.wikihow.com/Grow-Tomatoes-in-Pots,,,
how to grow cherry tomatoes,https://www.wikihow.com/Use-Up-Tart-Cherries,,,
how to grow cherry tomatoes,https://www.wikihow.com/Grow-Hydroponic-Tomatoes,,,
how to grow cherry tomatoes,https://www.wikihow.com/Grow-Sarracenia-(North-American-Pitcher-Plants),,,
how to grow cherry tomatoes,https://www.wikihow.com/Grow-Tomatoes-in-a-Greenhouse,,,
how to grow blueberries,https://www.wikihow.com/Grow-Blueberries-in-a-Pot,,,
how to grow blueberries,https://www.wikihow.com/Plant-a-Lowbush-Blueberry,,,
how to grow blueberries,https://www.wikihow.com/Grow-Blueberries,,,
how to grow blueberries,https://www.wikihow.com/Grow-Sarracenia-(North-American-Pitcher-Plants),,,
how to grow blueberries,https://www.wikihow.com/Grow-Arugula-Microgreens,,,
how to grow blueberries,https://www.wikihow.com/Grow-Kohlrabi,,,
how to grow blueberries,https://www.wikihow.com/Grow-Vegetables-in-the-Southwest-(USA),,,
how to grow blueberries,https://www.wikihow.com/Grow-Theobroma-Bicolor-from-Seed,,,
how to grow blueberries,https://www.wikihow.com/Grow-Vegetables-in-the-South-(USA),,,
how to grow blueberries,https://www.wikihow.com/Propagate-Geraniums-from-Cuttings,,,
how to plant tulips,https://www.wikihow.com/Plant-Tulip-Bulbs,,,
how to plant tulips,https://www.wikihow.com/Grow-Tulips-in-Pots,,,
how to plant tulips,https://www.wikihow.com/Harvest-Tulips,,,
how to plant tulips,https://www.wikihow.com/Make-Tulips-with-Frosting,,,
how to plant tulips,https://www.wikihow.com/Prune-Tulips,,,
how to plant tulips,https://www.wikihow.com/Arrange-Tulips,,,
how to plant tulips,https://www.wikihow.com/Store-Tulip-Bulbs,,,
how to plant tulips,https://www.wikihow.com/Eat-Tulips,,,
how to plant tulips,https://www.wikihow.com/Care-for-Tulips,,,
how to plant tulips,https://www.wikihow.com/Care-for-Fresh-Cut-Tulips,,,
how to wash a cutting board,https://www.wikihow.com/Clean-a-Cutting-Board,,,
how to wash a cutting board,https://www.wikihow.com/Clean-Wooden-Cutting-Boards,,,
how to wash a cutting board,https://www.wikihow.com/Make-a-Cutting-Board,,,
how to wash a cutting board,https://www.wikihow.com/Clean-a-Bamboo-Cutting-Board,,,
how to wash a cutting board,https://www.wikihow.com/Choose-a-Cutting-Board,,,
how to wash a cutting board,https://www.wikihow.com/Wash-Hair-for-Cutting,,,
how to wash a cutting board,https://www.wikihow.com/Cut-Peel%E2%80%90and%E2%80%90Stick-Vinyl-Tile,,,
how to wash a cutting board,https://www.wikihow.com/Clean-a-Washer-and-Dryer,,,
how to wash a cutting board,https://www.wikihow.com/Fix-a-Washing-Machine-That-Walks-Across-the-Floor,,,
how to wash a cutting board,https://www.wikihow.com/Maintain-a-Wood-Cutting-Board,,,
help me learn how to knit clothes,https://www.wikihow.com/Teach-a-Child-to-Knit,,,
help me learn how to knit clothes,https://www.wikihow.com/Knit-an-Increase-Stitch,,,
help me learn how to knit clothes,https://www.wikihow.com/Knit-Lace-for-Beginners,,,
help me learn how to knit clothes,https://www.wikihow.com/Knit-Jewelry-with-Yarn,,,
help me learn how to knit clothes,https://www.wikihow.com/Hem-Knit-Fabrics,,,
help me learn how to knit clothes,https://www.wikihow.com/Knit-the-Knit-Stitch,,,
help me learn how to knit clothes,https://www.wikihow.com/Knit,,,
help me learn how to knit clothes,https://www.wikihow.com/Knit-a-Dress,,,
help me learn how to knit clothes,https://www.wikihow.com/Knit-With-Beads,,,
help me learn how to knit clothes,https://www.wikihow.com/Sew-Knits-Together,,,
how to wash a stainless steel pan,https://www.wikihow.com/Clean-a-Stainless-Steel-Dishwasher,,,
how to wash a stainless steel pan,https://www.wikihow.com/Season-a-Stainless-Steel-Pan,,,
how to wash a stainless steel pan,https://www.wikihow.com/Clean-a-Stainless-Steel-Cooktop,,,
how to wash a stainless steel pan,https://www.wikihow.com/Clean-a-Dull-Stainless-Steel-Sink,,,
how to wash a stainless steel pan,https://www.wikihow.com/Clean-Stainless-Steel-Sinks,,,
how to wash a stainless steel pan,https://www.wikihow.com/Clean-Stainless-Steel-Appliances,,,
how to wash a stainless steel pan,https://www.wikihow.com/Clean-a-Stainless-Steel-Stove,,,
how to wash a stainless steel pan,https://www.wikihow.com/Clean-Brushed-Stainless-Steel,,,
how to wash a stainless steel pan,https://www.wikihow.com/Clean-Stainless-Steel-with-Vinegar,,,
how to wash a stainless steel pan,https://www.wikihow.com/Clean-Stainless-Steel-Cutlery,,,
cut tempered glass,https://www.wikihow.com/Cut-Tempered-Glass,,,
cut tempered glass,https://www.wikihow.com/Temper-Glass,,,
cut tempered glass,https://www.wikihow.com/Generate-Glass-Cutting-Pattern-Using-GNCutter,,,
cut tempered glass,https://www.wikihow.com/Cut-Glass-for-a-Custom-Picture-Frame,,,
cut tempered glass,https://www.wikihow.com/Cut-Glass-for-Crafts,,,
cut tempered glass,https://www.wikihow.com/Differentiate-Pressed-from-Cut-Glass,,,
cut tempered glass,https://www.wikihow.com/Cut-a-Mirror-Without-a-Glass-Cutter,,,
cut tempered glass,https://www.wikihow.com/Cut-Glass,,,
cut tempered glass,https://www.wikihow.com/Prolong-the-Vase-Life-of-Cut-Sweet-Peas,,,
cut tempered glass,https://www.wikihow.com/Install-Tempered-Glass,,,
put on a bike chain,https://www.wikihow.com/Change-a-Chain-on-a-Mountain-Bike,,,
put on a bike chain,https://www.wikihow.com/Measure-a-Bike-Chain,,,
put on a bike chain,https://www.wikihow.com/Shorten-a-Bike-Chain,,,
put on a bike chain,https://www.wikihow.com/Put-On-a-Bicycle-Chain,,,
put on a bike chain,https://www.wikihow.com/Remove-a-Bike-Chain,,,
put on a bike chain,https://www.wikihow.com/Remove-Rust-from-a-Bike-Chain,,,
put on a bike chain,https://www.wikihow.com/Lube-a-Bicycle-Chain,,,
put on a bike chain,https://www.wikihow.com/Clean-a-Bicycle-Chain,,,
put on a bike chain,https://www.wikihow.com/Fix-a-Slipped-Bike-Chain,,,
put on a bike chain,https://www.wikihow.com/Fix-a-Tangled-Bike-Chain,,,
fix a water heater,https://www.wikihow.com/Fix-a-Water-Heater,,,
fix a water heater,https://www.wikihow.com/Repair-an-Electric-Water-Heater,,,
fix a water heater,https://www.wikihow.com/Reset-a-Water-Heater,,,
fix a water heater,https://www.wikihow.com/Fix-Gas-Water-Heater-After-a-Flood,,,
fix a water heater,https://www.wikihow.com/Replace-a-Water-Heater,,,
fix a water heater,https://www.wikihow.com/Adjust-a-Hot-Water-Heater,,,
fix a water heater,https://www.wikihow.com/Flush-a-Water-Heater,,,
fix a water heater,https://www.wikihow.com/Install-a-Water-Heater,,,
fix a water heater,https://www.wikihow.com/Turn-on-a-Water-Heater,,,
fix a water heater,https://www.wikihow.com/Remove-Water-Heater-Elements,,,
build a simple kite,https://www.wikihow.com/Make-a-Fast-Kite-with-One-Sheet-of-Paper,,,
build a simple kite,https://www.wikihow.com/Make-a-Diamond-Kite,,,
build a simple kite,https://www.wikihow.com/Make-a-Kite-for-Kids,,,
build a simple kite,https://www.wikihow.com/Make-a-Kite,,,
build a simple kite,https://www.wikihow.com/Make-a-Kite-Out-of-a-Plastic-Bag,,,
build a simple kite,https://www.wikihow.com/Make-Japanese-Kites,,,
build a simple kite,https://www.wikihow.com/Make-Chinese-Kites,,,
build a simple kite,https://www.wikihow.com/Make-a-Kite-Shield,,,
build a simple kite,https://www.wikihow.com/Make-an-Origami-Kite-Base,,,
build a simple kite,https://www.wikihow.com/Decorate-a-Kite,,,
learn how to juggle three balls,https://www.wikihow.com/Juggle-Three-Balls,,,
learn how to juggle three balls,https://www.wikihow.com/Juggle-Five-Balls,,,
learn how to juggle three balls,https://www.wikihow.com/Juggle-Two-Balls,,,
learn how to juggle three balls,https://www.wikihow.com/Juggle-Four-Balls,,,
learn how to juggle three balls,https://www.wikihow.com/Juggle-Three-Clubs,,,
learn how to juggle three balls,https://www.wikihow.com/Juggle-a-Soccer-Ball,,,
learn how to juggle three balls,https://www.wikihow.com/Make-Juggling-Balls-from-Tennis-Balls,,,
learn how to juggle three balls,https://www.wikihow.com/Make-Juggling-Balls-(Balloon-Method),,,
learn how to juggle three balls,https://www.wikihow.com/Juggle,,,
learn how to juggle three balls,https://www.wikihow.com/Teach-Juggling,,,
chop an onion like a pro,https://www.wikihow.com/Chop-Onion-with-a-Vegetable-Chopper,,,
chop an onion like a pro,https://www.wikihow.com/Chop-an-Onion,,,
chop an onion like a pro,https://www.wikihow.com/Chop-Food-Like-a-Pro,,,
chop an onion like a pro,https://www.wikihow.com/Make-Pork-Chops-with-Sauteed-Apples-and-Sweet-Potatoes,,,
chop an onion like a pro,https://www.wikihow.com/Chop-Onions-Without-Tears,,,
chop an onion like a pro,https://www.wikihow.com/Make-Baked-Pork-Chops-With-Apple-Cranberry-Sauce,,,
chop an onion like a pro,https://www.wikihow.com/Make-Pressure-Cooker-Pork-Chops-With-Carrots-and-Potatoes,,,
chop an onion like a pro,https://www.wikihow.com/Cut-an-Onion-Into-Wedges,,,
chop an onion like a pro,https://www.wikihow.com/Make-Onion-Dip,,,
chop an onion like a pro,https://www.wikihow.com/Cook-Lemon-Pepper-Pork-Chops,,,
how to hand whistle,https://www.wikihow.com/Play-Whist,,,
how to hand whistle,https://www.wikihow.com/Do-a-Back-Handspring-at-Home,,,
how to hand whistle,https://www.wikihow.com/Improvise-a-Whisk,,,
how to hand whistle,https://www.wikihow.com/Hand-Sew-a-Simple-Calico-Elephant,,,
how to hand whistle,https://www.wikihow.com/Do-a-Back-Handspring,,,
how to hand whistle,https://www.wikihow.com/Transform-Your-15-Pin-(Gameport)-Microsoft-Sidewinder-Precision-Pro-Into-a-USB-Joystick,,,
how to hand whistle,https://www.wikihow.com/Properly-Use-a-Hand-Cannon-in-Destiny,,,
how to hand whistle,https://www.wikihow.com/Make-Someone-Feel-Like-a-String-Is-Being-Pulled-from-Their-Hand,,,
how to hand whistle,https://www.wikihow.com/Do-a-High-Back-Handspring,,,
how to hand whistle,https://www.wikihow.com/Make-Cats-Whiskers-With-String,,,
how to change a car tire,https://www.wikihow.life/Fill-Air-in-a-Car%27s-Tires,,,
how to change a car tire,https://www.wikihow.com/Check-and-Add-Air-to-Car-Tires,,,
how to change a car tire,https://www.wikihow.com/Install-an-Aftermarket-Exhaust-on-a-Dodge-Ram-2500-with-a-6.7l-Cummins-Turbo-Diesel-Engine,,,
how to change a car tire,https://www.wikihow.com/Balance-a-Racing-Go-Kart-Tire,,,
how to change a car tire,https://www.wikihow.com/Clean-the-Tires-on-Your-Car,,,
how to change a car tire,https://www.wikihow.com/Change-Engine-Oil-and-Oil-Filter-for-Perodua-Kancil-850-(New-Model),,,
how to change a car tire,https://www.wikihow.com/Inflate-a-Car-Tire-with-a-Bike-Pump,,,
how to change a car tire,https://www.wikihow.com/Mount-Racing-Go-Kart-Tires-on-One-Piece-Wheels,,,
how to change a car tire,https://www.wikihow.com/Balance-Your-Tires,,,
how to change a car tire,https://www.wikihow.com/Choose-Used-Tires-for-a-Car,,,
fix a stuck zipper,https://www.wikihow.com/Fix-a-Stuck-Zipper,,,
fix a stuck zipper,https://www.wikihow.com/Repair-a-Zipper-when-the-Slider-Has-Come-Off-Completely,,,
fix a stuck zipper,https://www.wikihow.com/Fix-a-Separated-Zipper,,,
fix a stuck zipper,https://www.wikihow.com/Fix-a-Broken-Zipper,,,
fix a stuck zipper,https://www.wikihow.com/Free-a-Penis-from-a-Stuck-Zipper,,,
fix a stuck zipper,https://www.wikihow.com/Fix-a-Baked-Cake-Stuck-to-the-Pan,,,
fix a stuck zipper,https://www.wikihow.com/Fix-a-Tent-Zipper,,,
fix a stuck zipper,https://www.wikihow.com/Fix-a-Jammed-Manual-Stapler,,,
fix a stuck zipper,https://www.wikihow.com/Remove-a-Stuck-Glue-Stick-Cap,,,
fix a stuck zipper,https://www.wikihow.com/Remove-a-Stuck-Screw,,,
paint a metal fence,https://www.wikihow.com/Paint-with-Metal-Flake-Paint,,,
paint a metal fence,https://www.wikihow.com/Paint-Sheet-Metal-for-Home-Decorating,,,
paint a metal fence,https://www.wikihow.com/Paint-Metal,,,
paint a metal fence,https://www.wikihow.com/Paint-a-Metal-Cabinet,,,
paint a metal fence,https://www.wikihow.com/Paint-a-Metal-Bed-Frame,,,
paint a metal fence,https://www.wikihow.com/Paint-Rusty-Metal,,,
paint a metal fence,https://www.wikihow.com/Paint-a-Rusty-Metal-Shed,,,
paint a metal fence,https://www.wikihow.com/Paint-a-Metal-Roof,,,
paint a metal fence,https://www.wikihow.com/Spray-Paint-Metal,,,
paint a metal fence,https://www.wikihow.com/Paint-Metal-Knobs,,,
create an outdoor fireplace,https://www.wikihow.com/Color-Inside-the-Lines-in-FireAlpaca,,,
create an outdoor fireplace,https://www.wikihow.com/Replace-the-LED-Driver-in-a-Dimplex-Optiflame-CHT20LE-Electric-Fire,,,
create an outdoor fireplace,https://www.wikihow.com/Make-an-Outdoor-Fireplace-from-a-Clothes-Washer-Tub,,,
create an outdoor fireplace,https://www.wikihow.com/Make-Fire-Starters-with-Paper-Rolls-and-Dryer-Lint,,,
create an outdoor fireplace,https://www.wikihow.com/Transform-a-Portable-Campfire-into-an-Outdoor-Fireplace,,,
create an outdoor fireplace,https://www.wikihow.com/Make-a-Portable-Fan-Blower-Attachment-for-an-Outdoor-Park-Grill,,,
create an outdoor fireplace,https://www.wikihow.com/Animate-in-FireAlpaca,,,
create an outdoor fireplace,https://www.wikihow.com/Mount-a-LED-Headlamp-(Miner%27s-Lamp)-Light-and-Rear-Blinker-on-a-Bicycle-Helmet,,,
create an outdoor fireplace,https://www.wikihow.com/Make-an-Outdoor-Chandelier-with-Icicle-Christmas-Lights,,,
create an outdoor fireplace,https://www.wikihow.com/Hang-Outdoor-String-Lights-on-a-Deck,,,
how to remove a tree,https://www.wikihow.com/Use-Ficus-Religiosa-Trees-in-Nepal-to-Encourage-Local-Sustainability,,,
how to remove a tree,https://www.wikihow.com/Care-for-Respiratory-Syncytial-Virus-(RSV)-in-Children,,,
how to remove a tree,https://www.wikihow.com/Make-Rave-(Semolina)-Uppittu-(Upma),,,
how to remove a tree,https://www.wikihow.com/Grow-a-Rudraksha-Tree,,,
how to remove a tree,https://www.wikihow.com/Make-Hindbeh-Bi-Zeit-(Dandelion-Leaves-in-Olive-Oil),,,
how to remove a tree,https://www.wikihow.com/Prepare-Wheat-Rava-Upma,,,
how to remove a tree,https://www.wikihow.com/Create-a-Wintery-and-Snowy-Christmas-Tree-Without-Flocking-It,,,
how to remove a tree,https://www.wikihow.com/Grow-Sunchokes-or-Jerusalem-Artichokes,,,
how to remove a tree,https://www.wikihow.com/Plant-Trees-for-a-Reforestation-Project,,,
how to remove a tree,https://www.wikihow.com/Create-a-Venmo-Account-on-iPhone-or-iPad,,,
paint nails with patterns,https://www.wikihow.com/Wear-Nail-Polish-Colors-That-Contrast-and-Brighten-Your-Outfit,,,
paint nails with patterns,https://www.wikihow.com/Paint-Christmas-Designs-on-Nail-Art,,,
paint nails with patterns,https://www.wikihow.com/Paint-Your-Nails-Neatly-Using-Vaseline,,,
paint nails with patterns,https://www.wikihow.com/Make-a-Temporary-Tattoo-with-Nail-Polish,,,
paint nails with patterns,https://www.wikihow.com/Paint-Your-Nails-Without-Making-a-Mess,,,
paint nails with patterns,https://www.wikihow.com/Paint-Your-Nails-With-the-Opposite-Hand,,,
paint nails with patterns,https://www.wikihow.com/Paint-Your-Nails-Without-Smudges,,,
paint nails with patterns,https://www.wikihow.com/Choose-Nail-Polish-Colour-That-Suits-You,,,
paint nails with patterns,https://www.wikihow.com/Paint-Your-Nails-According-to-the-Time-Available,,,
paint nails with patterns,https://www.wikihow.com/Make-Flower-Nail-Art,,,
make a gravel garden path,https://www.wikihow.com/Make-a-Gravel-Garden,,,
make a gravel garden path,https://www.wikihow.com/Make-a-Gravel-Path,,,
make a gravel garden path,https://www.wikihow.com/Build-a-Small-Garden-Path,,,
make a gravel garden path,https://www.wikihow.com/Maintain-a-Dirt-or-Gravel-Drive-or-Road,,,
make a gravel garden path,https://www.wikihow.com/Make-a-Gravel-Driveway,,,
make a gravel garden path,https://www.wikihow.com/Make-Steps-in-a-Garden-Walk,,,
make a gravel garden path,https://www.wikihow.com/Lay-a-Gravel-Bed,,,
make a gravel garden path,https://www.wikihow.com/Make-a-Rock-Garden-in-a-Trough,,,
make a gravel garden path,https://www.wikihow.com/Design-a-Beach%E2%80%90Themed-Garden,,,
make a gravel garden path,https://www.wikihow.com/Build-a-Rock-Garden-with-Weed-Prevention,,,
how to fix a blocked shower drain,https://www.wikihow.com/Remove-a-Shower-Drain,,,
how to fix a blocked shower drain,https://www.wikihow.com/Fix-a-Washer-That-Won%27t-Drain,,,
how to fix a blocked shower drain,https://www.wikihow.com/Unclog-a-Shower-Drain,,,
how to fix a blocked shower drain,https://www.wikihow.com/Snake-a-Shower-Drain,,,
how to fix a blocked shower drain,https://www.wikihow.com/Clear-a-Drain-with-Baking-Soda,,,
how to fix a blocked shower drain,https://www.wikihow.com/Caulk-a-Shower-Drain,,,
how to fix a blocked shower drain,https://www.wikihow.com/Unclog-a-Slow-Shower-Drain,,,
how to fix a blocked shower drain,https://www.wikihow.com/Remove-a-Drain-from-a-Tub,,,
how to fix a blocked shower drain,https://www.wikihow.com/Clean-Hair-Out-of-a-Shower-Drain,,,
how to fix a blocked shower drain,https://www.wikihow.com/Remove-a-Tub-Drain-Stopper,,,
how to teach a cat to do tricks,https://www.wikihow.com/Train-an-Old-Stubborn-Cat-to-Do-Tricks,,,
how to teach a cat to do tricks,https://www.wikihow.com/Teach-a-Cat-to-Climb-a-Ladder,,,
how to teach a cat to do tricks,https://www.wikihow.com/Teach-Your-Cat-to-Talk,,,
how to teach a cat to do tricks,https://www.wikihow.com/Train-Your-Cat-to-Fetch-a-Toy-Mouse,,,
how to teach a cat to do tricks,https://www.wikihow.com/Teach-Your-Cat-to-Put-Its-Toys-Away,,,
how to teach a cat to do tricks,https://www.wikihow.com/Teach-Your-Cat-to-Sit,,,
how to teach a cat to do tricks,https://www.wikihow.com/Teach-a-Cat-to-Recognize-Its-Name,,,
how to teach a cat to do tricks,https://www.wikihow.com/Train-Your-Cat-to-Use-a-Pet-Fountain,,,
how to teach a cat to do tricks,https://www.wikihow.com/Teach-a-Kitten-to-Play-Nice,,,
how to teach a cat to do tricks,https://www.wikihow.com/Train-Your-Cat-Not-to-Scratch-the-Furniture,,,
how to build a hamster cage,https://www.wikihow.com/Set-Up-a-Hamster-Cage,,,
how to build a hamster cage,https://www.wikihow.com/Clean-Out-a-Hamster-Cage,,,
how to build a hamster cage,https://www.wikihow.com/Build-Hamster-Toys-out-of-Household-Items,,,
how to build a hamster cage,https://www.wikihow.com/Disinfect-a-Hamster%27s-Cage,,,
how to build a hamster cage,https://www.wikihow.com/Supervise-Hamsters-Outside-of-the-Cage,,,
how to build a hamster cage,https://www.wikihow.com/Make-Dwarf-Hamsters-Stop-Biting-the-Cage,,,
how to build a hamster cage,https://www.wikihow.com/Build-an-Outdoor-Rabbit-Cage,,,
how to build a hamster cage,https://www.wikihow.com/Build-a-Snake-Cage,,,
how to build a hamster cage,https://www.wikihow.com/Set-Up-a-Gerbil-Cage,,,
how to build a hamster cage,https://www.wikihow.com/Build-a-Reptile-Cage,,,
how to run  marathon,https://www.wikihow.com/Run-a-Marathon,,,
how to run  marathon,https://www.wikihow.com/Prepare-for-a-Marathon-(Novice),,,
how to run  marathon,https://www.wikihow.com/Have-a-Video-Game-Marathon,,,
how to run  marathon,https://www.wikihow.com/Prepare-for-a-Marathon-(Advanced),,,
how to run  marathon,https://www.wikihow.com/Do-a-24-Hour-Gaming-Marathon,,,
how to run  marathon,https://www.wikihow.com/Watch-a-Marathon,,,
how to run  marathon,https://www.wikihow.com/Do-a-Messier-Marathon,,,
how to run  marathon,https://www.wikihow.com/Run-a-Mile-Race,,,
how to run  marathon,https://www.wikihow.com/Plan-a-Movie-Marathon,,,
how to run  marathon,https://www.wikihow.com/Run-a-Faster-1500M,,,
how to gain musle,https://www.wikihow.com/Gain-Muscles-with-a-High-Metabolism,,,
how to gain musle,https://www.wikihow.com/Boost-Your-Intake-of-Polyphenol-Antioxidants,,,
how to gain musle,https://www.wikihow.com/Gain-an-Inch-on-Your-Hips,,,
how to gain musle,https://www.wikihow.com/Increase-Your-Skills-and-Attributes-in-Mount-and-Blade,,,
how to gain musle,https://www.wikihow.com/Gain-Muscle-by-Yoga,,,
how to gain musle,https://www.wikihow.com/Gain-Muscle-With-Diabetes,,,
how to gain musle,https://www.wikihow.com/Do-a-J-Step-Gainer-(Kick-the-Moon),,,
how to gain musle,https://www.wikihow.com/Gain-Weight-as-a-Recovering-Anorexic,,,
how to gain musle,https://www.wikihow.com/Gain-More-Muscle-Mass-and-Strength,,,
how to gain musle,https://www.wikihow.com/Gain-Weight-by-Exercising,,,
fix a cracked phone screen,https://www.wikihow.com/Protect-a-Cracked-Phone-Screen,,,
fix a cracked phone screen,https://www.wikihow.com/Fix-a-Crack-in-Your-Ukulele,,,
fix a cracked phone screen,https://www.wikihow.com/Back-Up-an-iPhone-with-a-Broken-Screen,,,
fix a cracked phone screen,https://www.wikihow.com/Fix-Your-Cracked-iPod-Screen,,,
fix a cracked phone screen,https://www.wikihow.com/Fix-a-Cracked-iPod-Touch-Screen,,,
fix a cracked phone screen,https://www.wikihow.com/Repair-a-Tear-in-a-Window-Screen,,,
fix a cracked phone screen,https://www.wikihow.com/Crack-Your-Back,,,
fix a cracked phone screen,https://www.wikihow.com/Crack-Someone-Else%27s-Back,,,
fix a cracked phone screen,https://www.wikihow.com/Crack-Software-by-Modifying-DLL-Files,,,
fix a cracked phone screen,https://www.wikihow.com/Crack-Windows-Passwords-With-Ophcrack-and-Rainbow-Tables,,,
how to plan a christmas party,https://www.wikihow.com/Follow-the-Second-Commandment-as-a-Christian,,,
how to plan a christmas party,https://www.wikihow.com/Commune-with-God-(Christianity),,,
how to plan a christmas party,https://www.wikihow.com/Make-Prayer-a-Habit-(for-Christians),,,
how to plan a christmas party,https://www.wikihow.com/Design-a-Disaster-Preparedeness-Plan-for-Older-Citizens,,,
how to plan a christmas party,https://www.wikihow.com/Pray-to-God-for-a-Miracle-(Christianity),,,
how to plan a christmas party,https://www.wikihow.com/Make-Catholicism-Part-of-Your-Life,,,
how to plan a christmas party,https://www.wikihow.com/Build-on-the-Rock-(Jesus),,,
how to plan a christmas party,https://www.wikihow.com/Pray-Effectively-(Christianity),,,
how to plan a christmas party,https://www.wikihow.com/Develop-a-Well-Formed-Conscience-(Christianity),,,
how to plan a christmas party,https://www.wikihow.com/Plan-an-Outfit-Like-Massie-Block,,,
how to solve a rubik's cube,https://www.wikihow.com/Make-Sufganiyot-(Israeli-Jelly-Donuts),,,
how to solve a rubik's cube,https://www.wikihow.com/Get-ServletExec-Working-on-a-Different-Website-in-IIS-7-on-Server-2008,,,
how to solve a rubik's cube,https://www.wikihow.com/Use-Aloe-Ice-Cubes-to-Treat-a-Sunburn,,,
how to solve a rubik's cube,https://www.wikihow.com/Create-a-Nearly-Undetectable-Backdoor-using-MSFvenom-in-Kali-Linux,,,
how to solve a rubik's cube,https://www.wikihow.com/Make-Medivnyk-(Honey-Cakes),,,
how to solve a rubik's cube,https://www.wikihow.com/Create-OLAP-Cube-in-Analysis-Services,,,
how to solve a rubik's cube,https://www.wikihow.com/Use-Soliqua-100-33,,,
how to solve a rubik's cube,https://www.wikihow.com/Make-Creative-Fruits-and-Vegetables-Ice-Cubes,,,
how to solve a rubik's cube,https://www.wikihow.com/Sew-a-Plush-Companion-Cube,,,
how to solve a rubik's cube,https://www.wikihow.com/Make-the-Starship-Enterprise-(NCC-1701-D)-from-Aluminum-Foil,,,
learn a chess opening,https://www.wikihow.com/Open-in-Chess,,,
learn a chess opening,https://www.wikihow.com/Win-Chess-Openings:-Playing-Black,,,
learn a chess opening,https://www.wikihow.com/Play-Chess-for-Beginners,,,
learn a chess opening,https://www.wikihow.com/Play-Chess-Online,,,
learn a chess opening,https://www.wikihow.com/Teach-Chess,,,
learn a chess opening,https://www.wikihow.com/Teach-Children-Chess,,,
learn a chess opening,https://www.wikihow.com/Play-the-Sicilian-Defence-Opening-in-Chess,,,
learn a chess opening,https://www.wikihow.com/Play-Advanced-Chess,,,
learn a chess opening,https://www.wikihow.com/Play-Chess,,,
learn a chess opening,https://www.wikihow.com/Study-Chess,,,
how to replace a window,https://www.wikihow.com/Remove-the-Two-CCleaner-Options-from-Your-Windows-Recycle-Bin%27s-Context-Menu,,,
how to replace a window,https://www.wikihow.com/Manage-System-Restore-Points-Using-CCleaner-(Windows),,,
how to replace a window,https://www.wikihow.com/Make-a-Window-(an-Application),,,
how to replace a window,https://www.wikihow.com/Take-Screenshots-of-an-Active-Window,,,
how to replace a window,https://www.wikihow.com/Manage-System-Restore-Points-of-Your-Windows-Computer-Using-CCleaner,,,
how to replace a window,https://www.wikihow.com/Use-the-Fdisk-Tool-and-the-Format-Tool-to-Partition-a-Hard-Drive,,,
how to replace a window,https://www.wikihow.com/Upload-Your-Files-and-Mirror-Them-Using-Dropbox-and-Rapidleech,,,
how to replace a window,https://www.wikihow.com/Recycle-Envelopes-With-Plastic-Windows,,,
how to replace a window,https://www.wikihow.com/Change-the-Desktop-Mode-to-Small-Window-Mode-of-Hopedot-VOS-Virtual-Operating-System,,,
how to replace a window,https://www.wikihow.com/Recaulk-Kitchen-Counter-Where-It-Meets-the-Backsplash,,,
how to iron a suit,https://www.wikihow.com/Dress-up-As-Black-Widow-from-Iron-Man-2,,,
how to iron a suit,https://www.wikihow.com/Iron-a-Suit-Jacket,,,
how to iron a suit,https://www.wikihow.com/Do-Iron-on-T-Shirts-and-Make-Designs-on-the-Computer,,,
how to iron a suit,https://www.wikihow.com/Get-the-Iron-Skull-in-Halo-3,,,
how to iron a suit,https://www.wikihow.com/Upgrade-Your-Power-Suit-in-Crysis-3,,,
how to iron a suit,https://www.wikihow.com/Make-an-Iron-Man-Mask,,,
how to iron a suit,https://www.wikihow.com/Remove-Wrinkles-from-Clothes-Without-an-Iron,,,
how to iron a suit,https://www.wikihow.com/Have-the-%22Old-Skool%22-Ratchet-Look-While-Having-Armor-On-in-Ratchet-and-Clank:-Size-Matters-(PSP),,,
how to iron a suit,https://www.wikihow.com/Iron-if-You%27re-Blind-or-Visually-Impaired,,,
how to iron a suit,https://www.wikihow.com/Attach-a-Patch-to-a-Uniform-Using-Iron-on-Fusing-Tape,,,
how to warm up before a run,https://www.wikihow.com/Warm-up-for-Running,,,
how to warm up before a run,https://www.wikihow.com/Run-or-Walk-Outdoors-in-Hot-Weather,,,
how to warm up before a run,https://www.wikihow.com/Play-Run-2-on-Coolmath,,,
how to warm up before a run,https://www.wikihow.com/Stay-Cool-when-It%27s-Hot-at-Camp,,,
how to warm up before a run,https://www.wikihow.com/Get-Hot-Legs-Fast,,,
how to warm up before a run,https://www.wikihow.com/Prepare-for-Your-First-Set-Sequenced-Hot-Vinyasa-(Yoga)-Class,,,
how to warm up before a run,https://www.wikihow.com/Stay-Warm-when-Working-on-the-Farm,,,
how to warm up before a run,https://www.wikihow.com/Warm-Up,,,
how to warm up before a run,https://www.wikihow.com/Make-Wassail-(a-Warm-Punch),,,
how to warm up before a run,https://www.wikihow.com/Cool-a-Hot-Car-as-Quickly-as-Possible,,,
how to open a champagne bottle,https://www.wikihow.com/Open-a-Green-Laundromat,,,
how to open a champagne bottle,https://www.wikihow.com/Open-Incognito-Mode-by-Default-in-Google-Chrome-(Windows),,,
how to open a champagne bottle,https://www.wikihow.com/Make-Champurrado-(Mexican-Hot-Chocolate),,,
how to open a champagne bottle,https://www.wikihow.com/Get-Shipt-Shopper-to-Open-Right-to-Available-Orders,,,
how to open a champagne bottle,https://www.wikihow.com/Open-Regedit,,,
how to open a champagne bottle,https://www.wikihow.com/Unlock-a-Dewalt-Miter-Saw,,,
how to open a champagne bottle,https://www.wikihow.com/Open-a-Pomegranate,,,
how to open a champagne bottle,https://www.wikihow.com/Open-Winmail.dat,,,
how to open a champagne bottle,https://www.wikihow.com/Open-a-Demat-Account-in-India,,,
how to open a champagne bottle,https://www.wikihow.com/Open-up-if-You%27re-Painfully-Shy,,,
how to install a sprinkler system,https://www.wikihow.com/Install-a-Sprinkler-System,,,
how to install a sprinkler system,https://www.wikihow.com/Winterize-a-Sprinkler-System,,,
how to install a sprinkler system,https://www.wikihow.com/Calibrate-Your-Sprinklers,,,
how to install a sprinkler system,https://www.wikihow.com/Adjust-an-Impact-Sprinkler,,,
how to install a sprinkler system,https://www.wikihow.com/Repair-a-Broken-Sprinkler-Line,,,
how to install a sprinkler system,https://www.wikihow.com/Adjust-Sprinkler-Heads,,,
how to install a sprinkler system,https://www.wikihow.com/Use-the-Sanitize-Setting-on-a-Bosch-SilencePlus-50-dBA-Dishwasher,,,
how to install a sprinkler system,https://www.wikihow.com/Fix-a-Broken-Sprinkler-Pipe,,,
how to install a sprinkler system,https://www.wikihow.com/Replace-a-Lawn-Sprinkler-Head,,,
how to install a sprinkler system,https://www.wikihow.com/Protect-Sprinkler-Heads,,,
how to change a child's diaper,"https://www.wikihow.com/Reduce-the-Stigma-of-Older-Children,-Teenagers,-and-Adults-Wearing-Diapers-for-Bedwetting",,,
how to change a child's diaper,https://www.wikihow.com/Pin-a-Cloth-Diaper-on-an-Older-Bedwetting-Child,,,
how to change a child's diaper,https://www.wikihow.com/Choose-Bedwetting-Diapers-for-an-Older-Child-or-Teenager,,,
how to change a child's diaper,https://www.wikihow.com/Make-Chocolate-Diaper-Poo-for-a-Baby-Shower,,,
how to change a child's diaper,https://www.wikihow.com/Pack-a-Diaper-Bag-for-a-Newborn,,,
how to change a child's diaper,https://www.wikihow.com/Pack-a-Diaper-Bag-for-a-Toddler,,,
how to change a child's diaper,https://www.wikihow.com/Encourage-Older-Children-and-Teenagers-to-Wear-Diapers-for-Bedwetting,,,
how to change a child's diaper,https://www.wikihow.com/Easily-Clean-Baby%27s-Cradle-Cap-Dandruff-Without-Hurting-the-Baby,,,
how to change a child's diaper,https://www.wikihow.com/Change-a-Baby%27s-Diaper-at-Night-with-Minimal-Disruption,,,
how to change a child's diaper,https://www.wikihow.com/Make-Candy-Bar-Wrappers-for-a-Baby-Shower,,,
how to make a bubble bath,https://www.wikihow.com/Give-a-Gerbil-a-Sand-Bath,,,
how to make a bubble bath,https://www.wikihow.com/Bathe-Your-Pitbull,,,
how to make a bubble bath,https://www.wikihow.com/Clean-Your-Bathtub-with-Grapefruit-and-Salt,,,
how to make a bubble bath,https://www.wikihow.com/Bathe-Like-Ancient-Kings-and-Queens,,,
how to make a bubble bath,https://www.wikihow.com/Brainstorm-Using-Bubbl.Us,,,
how to make a bubble bath,https://www.wikihow.com/Make-a-Milk-and-Elderflower-Bath,,,
how to make a bubble bath,https://www.wikihow.com/Clean-a-Bathtub-with-Bleach,,,
how to make a bubble bath,https://www.wikihow.com/Do-a-Moroccan-Bath-at-Home,,,
how to make a bubble bath,https://www.wikihow.com/Create-a-Private-Room-in-Skribbl.io,,,
how to make a bubble bath,https://www.wikihow.com/Do-a-Bleach-Bath,,,
how to remove a permanent marker from a whiteboard,https://www.wikihow.life/Remove-Permanent-Marker-from-a-White-Board,,,
how to remove a permanent marker from a whiteboard,https://www.wikihow.com/Make-Your-Own-White-Board-(Dry-Erase-Board),,,
how to remove a permanent marker from a whiteboard,https://www.wikihow.com/Check-Your-Permanent-Labor-Certification-(PERM)-Status,,,
how to remove a permanent marker from a whiteboard,https://www.wikihow.com/Copy-a-Whiteboard-With-Your-Digital-Camera-or-Camera-Phone,,,
how to remove a permanent marker from a whiteboard,https://www.wikihow.com/Clean-Marker-off-a-Doll,,,
how to remove a permanent marker from a whiteboard,https://www.wikihow.com/Get-Permanent-Marker-Stain-out-of-Hardwood-Flooring,,,
how to remove a permanent marker from a whiteboard,https://www.wikihow.com/Remove-Permanent-Pen-from-a-Whiteboard,,,
how to remove a permanent marker from a whiteboard,https://www.wikihow.com/Clean-a-Whiteboard,,,
how to remove a permanent marker from a whiteboard,https://www.wikihow.com/Get-Permanent-Marker-off-of-a-Game-Cartridge,,,
how to remove a permanent marker from a whiteboard,https://www.wikihow.com/Create-a-Whiteboard-with-Sleeve-Protectors,,,
how to replace a toilet seat,https://www.wikihow.com/Make-Your-Own-%22Put-Toilet-Seat-Down%22-Sticker,,,
how to replace a toilet seat,https://www.wikihow.com/Install-a-Raised-Toilet-Seat,,,
how to replace a toilet seat,https://www.wikihow.com/Install-a-Walk-in-Shower-Seat,,,
how to replace a toilet seat,https://www.wikihow.com/Remove-a-Toilet-Seat,,,
how to replace a toilet seat,https://www.wikihow.com/Fit-a-Soft-Close-Toilet-Seat,,,
how to replace a toilet seat,https://www.wikihow.com/Fit-a-Toilet-Seat,,,
how to replace a toilet seat,https://www.wikihow.com/Adjust-a-Toilet-Seat,,,
how to replace a toilet seat,https://www.wikihow.com/Use-a-Toilet-Seat-Cover,,,
how to replace a toilet seat,https://www.wikihow.com/Fix-a-Loose-Toilet-Seat,,,
how to replace a toilet seat,https://www.wikihow.com/Make-a-Collapsible-Chair-(for-Theatrical-Use),,,
fix a leaking shower,https://www.wikihow.com/Fix-a-Leaking-Shower,,,
fix a leaking shower,https://www.wikihow.com/Fix-a-Leaky-Shower-Faucet,,,
fix a leaking shower,https://www.wikihow.com/Fix-a-Leaky-Washer,,,
fix a leaking shower,https://www.wikihow.com/Fix-a-Leaky-Bathtub-Faucet,,,
fix a leaking shower,https://www.wikihow.com/Fix-a-Leaky-Dishwasher,,,
fix a leaking shower,https://www.wikihow.com/Troubleshoot-a-Leaking-Upstairs-Bathroom,,,
fix a leaking shower,https://www.wikihow.com/Fix-a-Leaky-Toilet-Tank,,,
fix a leaking shower,https://www.wikihow.com/Fix-a-Leaky-Faucet,,,
fix a leaking shower,https://www.wikihow.com/Find-a-Leak-in-Your-Swimming-Pool,,,
fix a leaking shower,https://www.wikihow.com/Fix-a-Leaky-Faucet-Handle,,,
how to put up wallpaper,https://www.wikihow.com/Treat-Chronic-Inflammatory-Demyelinating-Polyneuropathy-(CIDP),,,
how to put up wallpaper,https://www.wikihow.com/Integrate-Judopay-Mobile-Payment-SDK-Into-an-iOS-Platform,,,
how to put up wallpaper,https://www.wikihow.com/Construct-a-Shiplap-Wall,,,
how to put up wallpaper,https://www.wikihow.com/Set-Up-the-Judopay-SDK-with-Android-Studio,,,
how to put up wallpaper,https://www.wikihow.com/Configure-IPCop-as-a-Firewall,,,
how to put up wallpaper,https://www.wikihow.com/Do-a-Handstand-on-the-Wall,,,
how to put up wallpaper,https://www.wikihow.com/Start-Accepting-Mobile-Payments-with-judoPay,,,
how to put up wallpaper,https://www.wikihow.com/Apply-a-Wallsticker,,,
how to put up wallpaper,https://www.wikihow.com/Diagnose-Chronic-Inflammatory-Demyelinating-Polyneuropathy-(CIDP),,,
how to put up wallpaper,https://www.wikihow.com/Construct-a-Basic-ARP-Packet-Using-Colasoft-Packet-Builder-for-Windows-7,,,
hang a shelf,https://www.wikihow.com/Make-a-Huge-Hanging-Shelf-for-a-Cabin-or-Shed,,,
hang a shelf,https://www.wikihow.com/Hang-Floating-Shelves,,,
hang a shelf,https://www.wikihow.com/Hang-a-Heavy-Shelf,,,
hang a shelf,https://www.wikihow.com/Make-a-No%E2%80%90Hang-Christmas-Stocking,,,
hang a shelf,https://www.wikihow.com/Make-a-Heavy-Duty-Hanger-Drying-Rack,,,
hang a shelf,https://www.wikihow.com/Make-a-Hanging-Rope-Shelf,,,
hang a shelf,https://www.wikihow.com/Hang-Shelves-Without-Studs,,,
hang a shelf,https://www.wikihow.com/Hang-Garage-Storage-Shelves,,,
hang a shelf,https://www.wikihow.com/Make-a-Hangout-in-Your-Closet,,,
hang a shelf,https://www.wikihow.com/Make-Your-Room-a-Hangout-Spot-(Teen-Girls),,,
sell my paintings on the internet,https://www.wikihow.com/Sell-Paintings-Online,,,
sell my paintings on the internet,https://www.wikihow.com/Sell-Your-Art-Online,,,
sell my paintings on the internet,https://www.wikihow.com/Sell-Paintings-on-eBay,,,
sell my paintings on the internet,https://www.wikihow.com/Sell-Items-Online-Using-iSold-It,,,
sell my paintings on the internet,https://www.wikihow.com/Sell-Fine-Art-Online,,,
sell my paintings on the internet,https://www.wikihow.com/Use-Paint.NET-to-Create-Screenshots,,,
sell my paintings on the internet,https://www.wikihow.com/Sell-Photos-Online,,,
sell my paintings on the internet,https://www.wikihow.com/Buy-Oil-Paintings-Online,,,
sell my paintings on the internet,https://www.wikihow.com/Sell-Your-Used-Car-On-the-Internet,,,
sell my paintings on the internet,https://www.wikihow.com/Sell-Clothes-Online,,,
how to make a keychain,https://www.wikihow.com/Use-iCloud-Keychain,,,
how to make a keychain,https://www.wikihow.com/Change-the-Password-in-Keychain-Access-(Mac),,,
how to make a keychain,https://www.wikihow.com/Make-Keychains,,,
how to make a keychain,https://www.wikihow.com/Make-a-Beaded-Keychain,,,
how to make a keychain,https://www.wikihow.com/Delete-Saved-Passwords-from-the-iCloud-Keychain-on-iPhone-or-iPad,,,
how to make a keychain,https://www.wikihow.com/Make-a-Dragonfly-Paracord-Keychain,,,
how to make a keychain,https://www.wikihow.com/Delete-Saved-Passwords-from-the-iCloud-Keychain-on-macOS,,,
how to make a keychain,https://www.wikihow.com/Build-a-Blockchain-App,,,
how to make a keychain,https://www.wikihow.com/Make-Perler-Bead-Keychains,,,
how to make a keychain,https://www.wikihow.com/Replace-a-Keypad-on-a-KX-TGA400B-and-KX-TGA200B,,,
how to make a bath bomb,https://www.wikihow.com/Use-a-Bath-Bomb,,,
how to make a bath bomb,https://www.wikihow.com/Make-Bath-Bombs,,,
how to make a bath bomb,https://www.wikihow.com/Split-and-Store-Your-Bath-Bombs,,,
how to make a bath bomb,https://www.wikihow.com/Color-Bath-Bombs,,,
how to make a bath bomb,https://www.wikihow.com/Make-Green-Tea-Bath-Bombs,,,
how to make a bath bomb,https://www.wikihow.com/Make-a-Natural-Toilet-Bomb,,,
how to make a bath bomb,https://www.wikihow.com/Survive-a-Dirty-Bomb-(Radiological-Dispersion-Device),,,
how to make a bath bomb,https://www.wikihow.com/Throw-a-Bridal-Shower-at-a-Spa,,,
how to make a bath bomb,https://www.wikihow.com/Make-a-Match-Head-Tennis-Ball-Bomb,,,
how to make a bath bomb,https://www.wikihow.com/Make-an-Outdoor-Fireplace-from-a-Clothes-Washer-Tub,,,
how to make a candles that smell well,https://www.wikihow.com/Know-You-Smell-when-You-Can%27t-Smell-Yourself,,,
how to make a candles that smell well,https://www.wikihow.com/Get-Rid-of-the-Smell-of-Garlic,,,
how to make a candles that smell well,https://www.wikihow.com/Smell-Good-Without-Taking-a-Bath-or-Shower,,,
how to make a candles that smell well,https://www.wikihow.com/Clean-Musty-Smells-from-a-Suitcase,,,
how to make a candles that smell well,https://www.wikihow.com/Get-Gasoline-Smell-Out-of-Clothes,,,
how to make a candles that smell well,https://www.wikihow.com/Tell-Someone-at-Work-that-They-Smell-Bad,,,
how to make a candles that smell well,https://www.wikihow.com/Remove-the-Scent-of-Detergent-or-Fabric-Softener-from-Clothing,,,
how to make a candles that smell well,https://www.wikihow.com/Smell-Nice-if-You-Sweat-a-Lot,,,
how to make a candles that smell well,https://www.wikihow.com/Remove-Musty-Smell-from-Clothes,,,
how to make a candles that smell well,https://www.wikihow.com/Get-the-Urine-Smell-Out-of-Your-Bed,,,
how to build a toy for a pet,https://www.wikihow.com/Make-a-Littlest-Pet-Shop-Building,,,
how to build a toy for a pet,https://www.wikihow.com/Customize-a-Littlest-Pet-Shop-Toy,,,
how to build a toy for a pet,https://www.wikihow.com/Make-a-Stuffed-Animal-at-a-%22Build-a-Bear%22-Workshop,,,
how to build a toy for a pet,https://www.wikihow.com/Create-Names-for-Your-Littlest-Pet-Shop-Toys,,,
how to build a toy for a pet,https://www.wikihow.com/Build-Hamster-Toys-out-of-Household-Items,,,
how to build a toy for a pet,https://www.wikihow.com/Make-Building-Toys-from-Styrofoam-Trays,,,
how to build a toy for a pet,https://www.wikihow.com/Make-a-Fun-Toy-for-Your-Small-Dog,,,
how to build a toy for a pet,https://www.wikihow.com/Make-Cat-Toys-out-of-Common-Household-Items,,,
how to build a toy for a pet,https://www.wikihow.com/Make-a-Toy-Cat,,,
how to build a toy for a pet,https://www.wikihow.com/Care-for-a-Littlest-Pet-Shop-Toy,,,
how to make napkin designs,https://www.wikihow.com/Fold-Napkins-in-a-Fancy-Formal-Style,,,
how to make napkin designs,https://www.wikihow.com/Fold-a-Napkin-As-a-Placemat,,,
how to make napkin designs,https://www.wikihow.com/Use-a-Napkin-with-Proper-Table-Etiquette,,,
how to make napkin designs,https://www.wikihow.com/Fold-a-Napkin-Into-a-Cockscomb,,,
how to make napkin designs,https://www.wikihow.com/Fold-a-Napkin-with-a-Pocket,,,
how to make napkin designs,https://www.wikihow.com/Make-a-Paper-Napkin-Flower-With-a-Plastic-Straw,,,
how to make napkin designs,https://www.wikihow.com/Fold-a-Napkin-for-a-Napkin-Ring,,,
how to make napkin designs,https://www.wikihow.com/Sew-Cloth-Napkins-for-Everyday-Use,,,
how to make napkin designs,https://www.wikihow.com/Use-a-Sanitary-Napkin-(Pad),,,
how to make napkin designs,https://www.wikihow.com/Fold-Napkins-for-Christmas,,,
how to make a coaster,https://www.wikihow.com/Make-Quilted-Coasters,,,
how to make a coaster,https://www.wikihow.com/Crochet-Coasters,,,
how to make a coaster,https://www.wikihow.com/Enjoy-a-Roller-Coaster,,,
how to make a coaster,https://www.wikihow.com/Ride-a-Roller-Coaster,,,
how to make a coaster,https://www.wikihow.com/Make-Wine-Cork-Coasters,,,
how to make a coaster,https://www.wikihow.com/Ride-a-Roller-Coaster-No-Handed,,,
how to make a coaster,https://www.wikihow.com/Make-Wool-Felt-Ball-Coasters,,,
how to make a coaster,https://www.wikihow.com/Make-Felt-Coasters,,,
how to make a coaster,https://www.wikihow.com/Overcome-Your-Fear-of-Roller-Coasters,,,
how to make a coaster,https://www.wikihow.com/Show-Roller-Coaster-Etiquette,,,
how to draw a birthday card,https://www.wikihow.com/Make-a-Birthday-Card-with-HTML-and-CSS,,,
how to draw a birthday card,https://www.wikihow.com/Make-a-Simple-Handmade-Birthday-Card,,,
how to draw a birthday card,https://www.wikihow.com/Print-Birthday-Cards-Off-the-Internet,,,
how to draw a birthday card,https://www.wikihow.com/Make-Cards-for-Valentine%27s-Day,,,
how to draw a birthday card,https://www.wikihow.com/Make-a-Construction-Paper-Birthday-Card,,,
how to draw a birthday card,https://www.wikihow.com/Make-a-Birthday-Card-for-a-One-Direction-Fan,,,
how to draw a birthday card,https://www.wikihow.com/Make-Homemade-Birthday-Cards,,,
how to draw a birthday card,https://www.wikihow.com/Make-a-Birthday-Card,,,
how to draw a birthday card,https://www.wikihow.com/Use-Birthday-Candles-on-a-Homemade-Card,,,
how to draw a birthday card,https://www.wikihow.com/Choose-a-Design-Theme-for-a-Father%27s-Day-Card,,,
how to set up a tent,https://www.wikihow.com/Set-Up-a-Tent,,,
how to set up a tent,https://www.wikihow.com/Set-up-a-Dome-Tent,,,
how to set up a tent,https://www.wikihow.com/Set-Up-a-Rightline-Gear-Truck-Tent,,,
how to set up a tent,https://www.wikihow.com/Pitch-a-Pop-up-Tent,,,
how to set up a tent,https://www.wikihow.com/Put-up-an-A-Frame-Tent,,,
how to set up a tent,https://www.wikihow.com/Camp-in-a-Tent-on-a-Campsite,,,
how to set up a tent,https://www.wikihow.com/Create-an-Indoor-Tent,,,
how to set up a tent,https://www.wikihow.com/Break-Down-an-8%E2%80%90Person-Tent,,,
how to set up a tent,https://www.wikihow.com/Re%E2%80%90Pack-a-Pop-Up-Tent,,,
how to set up a tent,https://www.wikihow.com/Set-Up-a-Pop-Up-Camper,,,
how to knit mittens,https://www.wikihow.com/Knit-Mittens,,,
how to knit mittens,https://www.wikihow.com/Make-Mittens-from-Old-Sweaters,,,
how to knit mittens,https://www.wikihow.com/Knit-Bunting-Triangles,,,
how to knit mittens,https://www.wikihow.com/Knit-on-the-Right-or-Wrong-Side,,,
how to knit mittens,https://www.wikihow.com/Felt-Knitted-Items,,,
how to knit mittens,https://www.wikihow.com/Crochet-Mittens-for-Babies,,,
how to knit mittens,https://www.wikihow.com/Sew-Fur-Lined-Mittens,,,
how to knit mittens,https://www.wikihow.com/Wear-a-Knitted-Headband,,,
how to knit mittens,https://www.wikihow.com/Knit-With-Double-Pointed-Needles,,,
how to knit mittens,https://www.wikihow.com/Knit-a-Tea-Pot-Cozy,,,
how to learn to ice skate,https://www.wikihow.com/Learn-Ice-Skating-by-Yourself,,,
how to learn to ice skate,https://www.wikihow.com/Teach-Ice-Skating,,,
how to learn to ice skate,https://www.wikihow.com/Ice-Skate,,,
how to learn to ice skate,https://www.wikihow.com/Improve-Your-Ice-Skating-Technique,,,
how to learn to ice skate,https://www.wikihow.com/Figure-Skate-(for-Beginners),,,
how to learn to ice skate,https://www.wikihow.com/Try-Ice-Skating-for-the-First-Time,,,
how to learn to ice skate,https://www.wikihow.com/Ice-Skate-Backwards,,,
how to learn to ice skate,https://www.wikihow.com/Play-Crack-the-Whip-on-Ice-Skates,,,
how to learn to ice skate,https://www.wikihow.com/Pick-Tights-for-Ice-Skating,,,
how to learn to ice skate,https://www.wikihow.com/Introduce-Kids-to-Ice-Hockey,,,
how to make stickers,https://www.wikihow.com/Get-the-Sticker-Remains-off-Valuable-Products,,,
how to make stickers,https://www.wikihow.com/Add-Stickers-to-Photos-on-PC-or-Mac,,,
how to make stickers,https://www.wikihow.com/Make-Stickers-on-Telegram-on-PC-or-Mac,,,
how to make stickers,https://www.wikihow.com/Download-Stickers-in-Viber-for-Smartphones,,,
how to make stickers,https://www.wikihow.com/Use-Stickers-on-Snapchat,,,
how to make stickers,https://www.wikihow.com/Make-Outdoor-Stickers,,,
how to make stickers,https://www.wikihow.com/Delete-Stickers-on-Viber-on-iPhone-or-iPad,,,
how to make stickers,https://www.wikihow.com/Install-a-Custom-Dash-Sticker-Kit,,,
how to make stickers,https://www.wikihow.com/Make-Bumper-Stickers-to-Sell,,,
how to make stickers,https://www.wikihow.com/Remove-a-Sticker-from-Plastic,,,
how to make my own fridge magnets,https://www.wikihow.com/Create-a-Magnet-With-a-Wire-and-a-Nail,,,
how to make my own fridge magnets,https://www.wikihow.com/Remove-the-Mixidj-Toolbar,,,
how to make my own fridge magnets,https://www.wikihow.com/Construct-an-Electromagnetic-Linear-Accelerator-(Linear-Homopolar)-or-Rail-Gun,,,
how to make my own fridge magnets,https://www.wikihow.com/Make-a-St-Brigid%27s-Cross-with-Pipe-Cleaners,,,
how to make my own fridge magnets,https://www.wikihow.com/Set-Up-an-OpenGL-FreeGLUT-GLEW-Template-Project-in-Visual-Studio,,,
how to make my own fridge magnets,https://www.wikihow.com/Create-a-Free-Redirect-Domain-with-DynDNS,,,
how to make my own fridge magnets,https://www.wikihow.com/Make-Family-Photo-Magnets,,,
how to make my own fridge magnets,https://www.wikihow.com/Magically-%22Magnetize%22-Two-Pencils,,,
how to make my own fridge magnets,https://www.wikihow.com/Become-a-Magnet-for-Friends,,,
how to make my own fridge magnets,https://www.wikihow.com/Create-a-Spirallic-Spin-Particle-Path-or-Necklace-Form-or-Spherical-Border,,,
how to organize a kitchen,https://www.wikihow.com/Eat-at-Hell%27s-Kitchen,,,
how to organize a kitchen,https://www.wikihow.com/Stage-a-Kitchen-when-Selling-a-Home,,,
how to organize a kitchen,https://www.wikihow.com/Adapt-Your-Kitchen-if-You%27re-Blind-or-Visually-Impaired,,,
how to organize a kitchen,https://www.wikihow.com/Cook-Chili-Paneer-(an-Indo%E2%80%90Chinese-Vegetarian-Side-Dish),,,
how to organize a kitchen,https://www.wikihow.com/Recaulk-Kitchen-Counter-Where-It-Meets-the-Backsplash,,,
how to organize a kitchen,https://www.wikihow.com/Make-an-Office-in-your-Kitchen,,,
how to organize a kitchen,https://www.wikihow.com/Select-a-Basic-Set-of-Kitchen-Equipment,,,
how to organize a kitchen,https://www.wikihow.com/Book-Barbecue-Pits-at-an-AXS-Machine-in-Singapore,,,
how to organize a kitchen,https://www.wikihow.com/See-the-Toilet-Easter-Egg-on-Rooftops-in-Gears-of-War,,,
how to organize a kitchen,https://www.wikihow.com/Arrange-Dishes-in-Kitchen-Cabinets,,,
how to make christmas ornaments,https://www.wikihow.com/Make-a-Nativity-Ornament-with-a-Styrofoam-Half-Ball,,,
how to make christmas ornaments,https://www.wikihow.com/Make-a-%27Sepak-Takraw-Ball%27-Ornament-from-a-Plastic-Bottle,,,
how to make christmas ornaments,https://www.wikihow.com/Make-a-Photo-Ornament,,,
how to make christmas ornaments,https://www.wikihow.com/Make-an-Elegant-No%E2%80%90Sew-Fabric-Ball-Christmas-Ornament,,,
how to make christmas ornaments,https://www.wikihow.com/Make-an-Origami-Diamond-Gemstone-Ornament,,,
how to make christmas ornaments,https://www.wikihow.com/Make-a-Heart-Shaped-Beaded-Ornament,,,
how to make christmas ornaments,https://www.wikihow.com/Make-an-Elf-Ornament,,,
how to make christmas ornaments,https://www.wikihow.com/Make-a-French-Christmas-Ornament,,,
how to make christmas ornaments,https://www.wikihow.com/Make-a-Yarn-Pompom-Ornament,,,
how to make christmas ornaments,https://www.wikihow.com/Make-a-Fabric-Heart-Ornament,,,
how to build a dog house,https://www.wikihow.com/Build-a-Dog-Agility-Jump,,,
how to build a dog house,https://www.wikihow.com/Make-a-Homemade-Devil-Dog-(Drake%27s-Cake-Bar),,,
how to build a dog house,https://www.wikihow.com/Build-a-Dog-Agility-Course,,,
how to build a dog house,https://www.wikihow.com/Build-a-Dog-Park,,,
how to build a dog house,https://www.wikihow.com/Build-a-Dog-Crate,,,
how to build a dog house,https://www.wikihow.com/Build-a-Dog-Run,,,
how to build a dog house,https://www.wikihow.com/Build-a-Dog%27s-Muscles,,,
how to build a dog house,https://www.wikihow.com/Build-an-Adjustable-Dog-Agility-Seesaw,,,
how to build a dog house,https://www.wikihow.com/Build-an-Insulated-or-Heated-Doghouse,,,
how to build a dog house,https://www.wikihow.com/Build-a-Dog-House,,,
help me clean the oven,https://www.wikihow.com/Clean-a-Non%E2%80%90Self%E2%80%90Cleaning-Oven,,,
help me clean the oven,https://www.wikihow.com/Clean-an-Easy-Bake-Oven,,,
help me clean the oven,https://www.wikihow.com/Clean-an-Oven-with-Baking-Soda,,,
help me clean the oven,https://www.wikihow.com/Clean-Your-Oven-Without-Odor,,,
help me clean the oven,https://www.wikihow.com/Steam-Clean-an-Oven,,,
help me clean the oven,https://www.wikihow.com/Clean-an-Oven-Without-Chemicals,,,
help me clean the oven,https://www.wikihow.com/Clean-an-Oven-with-Vinegar,,,
help me clean the oven,https://www.wikihow.com/Clean-the-Bottom-of-an-Oven,,,
help me clean the oven,https://www.wikihow.com/Clean-an-Electric-Oven,,,
help me clean the oven,https://www.wikihow.com/Clean-a-Toaster-Oven,,,
how to clean the windows,https://www.wikihow.com/Clean-Windows-With-the-Best-Homemade-Window-Cleaner,,,
how to clean the windows,https://www.wikihow.com/Clean-a-Window-Air-Conditioner,,,
how to clean the windows,https://www.wikihow.com/Clean-Window-Tracks,,,
how to clean the windows,https://www.wikihow.com/Clean-Window-Screens,,,
how to clean the windows,https://www.wikihow.com/Clean-Window-Blinds-Quickly,,,
how to clean the windows,https://www.wikihow.com/Clean-Windows-Professionally,,,
how to clean the windows,https://www.wikihow.com/Clean-Outside-Windows-from-Inside,,,
how to clean the windows,https://www.wikihow.com/Clean-Car-Windows,,,
how to clean the windows,https://www.wikihow.com/Clean-the-Insides-of-a-Double-Pane-Window-in-Your-Oven-Door,,,
how to clean the windows,https://www.wikihow.com/Clean-Aluminum-Window-Frames,,,
how to pick a lock with paper clips,https://www.wikihow.com/Pick-a-Lock-Using-a-Paperclip,,,
how to pick a lock with paper clips,https://www.wikihow.com/Bend-a-Paper-Clip-to-Hang-Light-Objects-on-Cubicle-Walls,,,
how to pick a lock with paper clips,https://www.wikihow.com/Use-a-Paper-Clip-in-Many-Ways,,,
how to pick a lock with paper clips,https://www.wikihow.com/Make-a-Paper-Clip-Caltrop,,,
how to pick a lock with paper clips,https://www.wikihow.com/Pick-a-Lock-with-a-Bobby-Pin,,,
how to pick a lock with paper clips,https://www.wikihow.com/Make-a-Bag-Clip-from-Plastic-Straws,,,
how to pick a lock with paper clips,https://www.wikihow.com/Pick-a-Lock-with-a-Soda-Can,,,
how to pick a lock with paper clips,https://www.wikihow.com/Hold-a-Pick,,,
how to pick a lock with paper clips,https://www.wikihow.com/Pick-a-Lock-With-Household-Items,,,
how to pick a lock with paper clips,https://www.wikihow.com/Shoot-Paper-Bullets-from-a-Rubber-Band-(Hornets),,,
how to cut my own hair,https://www.wikihow.com/Cut-Your-Own-Hair-(Men),,,
how to cut my own hair,https://www.wikihow.com/Cut-a-Man%27s-Hair,,,
how to cut my own hair,https://www.wikihow.com/Cut-Your-Own-Hair,,,
how to cut my own hair,https://www.wikihow.com/Cut-Hair,,,
how to cut my own hair,https://www.wikihow.com/Cut-the-Back-of-Your-Hair,,,
how to cut my own hair,https://www.wikihow.com/Cut-Your-Own-Long-Hair,,,
how to cut my own hair,https://www.wikihow.com/Cut-Your-Own-Curly-Hair,,,
how to cut my own hair,https://www.wikihow.com/Cut-Your-Hair-to-Look-Younger,,,
how to cut my own hair,https://www.wikihow.com/Cut-Men%27s-Long-Hair,,,
how to cut my own hair,https://www.wikihow.com/Cut-Hair-in-Layers,,,
how to build a gaming computer,https://www.wikihow.com/Build-a-Simple-Computer-Game-Using-Batch-Script,,,
how to build a gaming computer,https://www.wikihow.com/Make-a-Game-Using-Construct-2,,,
how to build a gaming computer,https://www.wikihow.com/Create-a-Basic-Game-in-Scirra-Construct,,,
how to build a gaming computer,https://www.wikihow.com/Create-a-Game-with-Game-Maker-7.0-Lite,,,
how to build a gaming computer,https://www.wikihow.com/Build-Literacy-Skills-Through-Games,,,
how to build a gaming computer,https://www.wikihow.com/Install-Your-Favorite-Games-on-a-USB-Device-and-Play-on-Any-PC-With-Prayaya-V3,,,
how to build a gaming computer,https://www.wikihow.com/Build-Your-PlayStation-2-Game-Collection-for-Cheap,,,
how to build a gaming computer,https://www.wikihow.com/Create-a-Racing-Game-in-Scratch,,,
how to build a gaming computer,https://www.wikihow.com/Make-a-Video-Game-from-Scratch,,,
how to build a gaming computer,https://www.wikihow.com/Create-Video-Games-with-a-Group-of-People-(Kids-and-Teens),,,
how to write a resume for a job,https://www.wikihow.com/Send-Your-Print-Job-to-OneNote-and-Publish-It-in-PDF-Format-Using-Office-2007,,,
how to write a resume for a job,https://www.wikihow.com/Write-a-Statement-of-Work-(SOW),,,
how to write a resume for a job,https://www.wikihow.com/Turn-a-Temp-Job-Into-a-Permanent-Position,,,
how to write a resume for a job,https://www.wikihow.com/Write-an-Article-for-a-Job,,,
how to write a resume for a job,https://www.wikihow.com/Resize-Pictures-in-Kingsoft-Office-Writer-2013,,,
how to write a resume for a job,https://www.wikihow.com/Find-a-Part%E2%80%90Time-Job-As-a-Senior,,,
how to write a resume for a job,https://www.wikihow.com/Organize-Your-Desk-to-Aid-the-Needs-of-a-Writer,,,
how to write a resume for a job,https://www.wikihow.com/Write-an-Ad-for-a-Job,,,
how to write a resume for a job,https://www.wikihow.com/Interview-for-a-Job-when-You-Have-a-Hangover,,,
how to write a resume for a job,https://www.wikihow.com/Draw-Bellum-from-Zelda,,,
how to wash a newborn baby,https://www.wikihow.com/Bathe-a-Newborn-Puppy,,,
how to wash a newborn baby,https://www.wikihow.com/Give-a-Newborn-Puppy-a-Bath,,,
how to wash a newborn baby,https://www.wikihow.com/Wash-Baby-Bottles,,,
how to wash a newborn baby,https://www.wikihow.com/Clean-an-Umbilical-Cord-Stump-on-a-Newborn-Baby,,,
how to wash a newborn baby,https://www.wikihow.com/Wash-Baby-Clothes,,,
how to wash a newborn baby,https://www.wikihow.com/Give-a-Baby-a-Bath-in-the-Sink,,,
how to wash a newborn baby,https://www.wikihow.com/Cut-and-Sew-a-Baby-Bib-With-Snaps,,,
how to wash a newborn baby,https://www.wikihow.com/Keep-Orphaned-Newborn-Puppies-Clean,,,
how to wash a newborn baby,https://www.wikihow.com/Wash-a-Toddler%27s-Clothes,,,
how to wash a newborn baby,https://www.wikihow.com/Wash-an-Infant-Car-Seat,,,
how to train a dog to behave outside,https://www.wikihow.com/Lead-Train-a-Dog-or-Puppy,,,
how to train a dog to behave outside,https://www.wikihow.com/House-Train-Your-Dog,,,
how to train a dog to behave outside,https://www.wikihow.com/House-Train-a-Puppy,,,
how to train a dog to behave outside,https://www.wikihow.com/Train-a-Dog-to-Come,,,
how to train a dog to behave outside,https://www.wikihow.com/Muzzle-Train-a-Dog,,,
how to train a dog to behave outside,https://www.wikihow.com/Litter-Train-a-Dog,,,
how to train a dog to behave outside,https://www.wikihow.com/Train-Your-Dog-for-a-Dog-Show,,,
how to train a dog to behave outside,https://www.wikihow.com/Train-a-German-Shepherd-to-Be-a-Guard-Dog,,,
how to train a dog to behave outside,https://www.wikihow.com/Train-a-Boxer-Dog,,,
how to train a dog to behave outside,https://www.wikihow.com/Train-a-Service-Dog,,,
how to clean garden tools,https://www.wikihow.com/Clean-Your-Rusty-Garden-Tools,,,
how to clean garden tools,https://www.wikihow.com/Clean-Rusty-Garden-Tools-With-Tea,,,
how to clean garden tools,https://www.wikihow.com/Choose-and-Care-for-Home-Garden-Tools,,,
how to clean garden tools,https://www.wikihow.com/Clean-Household-Cleaning-Tools,,,
how to clean garden tools,https://www.wikihow.com/Keep-Garden-Tools-in-Great-Shape,,,
how to clean garden tools,https://www.wikihow.com/Clean-Garden-Gloves,,,
how to clean garden tools,https://www.wikihow.com/Clean-a-Garden-Sprayer,,,
how to clean garden tools,https://www.wikihow.com/Buy-Basic-Garden-Tools,,,
how to clean garden tools,https://www.wikihow.com/Clean-and-Maintain-Housecleaning-Tools-and-Equipment,,,
how to clean garden tools,https://www.wikihow.com/Organize-Gardening-Tools,,,
how to make a professional book cover,https://www.wikihow.com/Cover-a-Book-with-Contact-Paper,,,
how to make a professional book cover,https://www.wikihow.com/Make-a-Book-Cover-for-Wattpad,,,
how to make a professional book cover,https://www.wikihow.com/Write-a-Back-Cover-for-a-Book,,,
how to make a professional book cover,https://www.wikihow.com/Self%E2%80%90Publish-Children%27s-Books,,,
how to make a professional book cover,https://www.wikihow.com/Gain-Ownership-of-Your-Self-Published-Book-Cover,,,
how to make a professional book cover,https://www.wikihow.com/Make-a-Hard-Cover-for-a-Paperback-Book,,,
how to make a professional book cover,https://www.wikihow.com/Design-a-Cover-for-a-Novel-with-PicMonkey,,,
how to make a professional book cover,https://www.wikihow.com/Cover-a-Paperback-Book-With-Clear-Plastic-Film,,,
how to make a professional book cover,https://www.wikihow.com/Make-a-Book-Cover,,,
how to make a professional book cover,https://www.wikihow.com/Design-a-Simple-Book-Cover,,,
how to paint on ceramic,https://www.wikihow.com/Paint-the-Decorative-Painting-S-and-Comma-Strokes-Using-Acrylic-Paint,,,
how to paint on ceramic,https://www.wikihow.com/Create-a-Coloring-Page-With-a-Photograph-Using-Paint-Shop-Pro,,,
how to paint on ceramic,https://www.wikihow.com/Draw-a-Sprite-(Microsoft-Paint),,,
how to paint on ceramic,https://www.wikihow.com/Use-Paint.NET-to-Create-Screenshots,,,
how to paint on ceramic,https://www.wikihow.com/Paint-Marbled-Paper-Using-Shaving-Cream,,,
how to paint on ceramic,https://www.wikihow.com/Draw-a-Lightsaber-in-Paintbrush-(Mac),,,
how to paint on ceramic,https://www.wikihow.com/Double-Load-a-Paint-Brush-for-Rosemaling-or-Decorative-Painting,,,
how to paint on ceramic,https://www.wikihow.com/Choose-a-Paint-Program-for-Your-Mac,,,
how to paint on ceramic,https://www.wikihow.com/Draw-a-Spray-Paint-Design-Using-Toothbrushes,,,
how to paint on ceramic,https://www.wikihow.com/Draw-and-Color-with-Microsoft-Paint,,,
how to build a snowman,https://www.wikihow.com/Build-a-Cupcake-Snowman,,,
how to build a snowman,https://www.wikihow.com/Make-a-Snowman,,,
how to build a snowman,https://www.wikihow.com/Make-a-Snowman-Decoration,,,
how to build a snowman,https://www.wikihow.com/Build-a-Snow-Fort,,,
how to build a snowman,https://www.wikihow.com/Make-a-Sock-Snowman-(Kids),,,
how to build a snowman,https://www.wikihow.com/Make-Snowman-Earrings,,,
how to build a snowman,https://www.wikihow.com/Make-a-Light-Bulb-Snowman,,,
how to build a snowman,https://www.wikihow.com/Make-a-Mushroom-Snowman,,,
how to build a snowman,https://www.wikihow.com/Make-a-Snowman-out-of-a-Toilet-Paper-Roll,,,
how to build a snowman,https://www.wikihow.com/Knit-Snowman-Ornaments,,,
how to make a paper fortune teller,https://www.wikihow.com/Make-a-Fortune-Teller-out-of-an-Empty-Toilet-Paper-Roll,,,
how to make a paper fortune teller,https://www.wikihow.com/Make-a-Cootie-Catcher-(Origami-Fortune-Teller),,,
how to make a paper fortune teller,https://www.wikihow.com/Make-a-Crepe-Paper-Laurel-Crown,,,
how to make a paper fortune teller,https://www.wikihow.com/Make-a-Paper-Bracelet,,,
how to make a paper fortune teller,https://www.wikihow.com/Get-a-Job-as-a-Bank-Teller,,,
how to make a paper fortune teller,https://www.wikihow.com/Fold-a-Fortune-Teller,,,
how to make a paper fortune teller,https://www.wikihow.com/Make-a-Wax-Embellished-Aged-Paper-Card-(Using-a-Microwave),,,
how to make a paper fortune teller,https://www.wikihow.com/Make-a-Paper-People-Chain,,,
how to make a paper fortune teller,https://www.wikihow.com/Make-a-Paper-Money-Pouch,,,
how to make a paper fortune teller,https://www.wikihow.com/Create-a-Paper-Plate-Rhythmic-Shaker,,,
how to fold a paper airplane,https://www.wikihow.com/Fold-Paper-Airplanes,,,
how to fold a paper airplane,https://www.wikihow.com/Fold-a-Paper-Heart,,,
how to fold a paper airplane,https://www.wikihow.com/Fold-an-Ace-Flyer-Paper-Airplane,,,
how to fold a paper airplane,https://www.wikihow.com/Fold-a-Paper-Star,,,
how to fold a paper airplane,https://www.wikihow.com/Fold-a-Paper-Rose,,,
how to fold a paper airplane,https://www.wikihow.com/Fold-Paper-in-Half,,,
how to fold a paper airplane,https://www.wikihow.com/Fold-Paper-Flowers,,,
how to fold a paper airplane,https://www.wikihow.com/Fold-a-Paper-Leaf,,,
how to fold a paper airplane,https://www.wikihow.com/Fold-Paper-for-Tri-Fold-Brochures,,,
how to fold a paper airplane,https://www.wikihow.com/Fold-a-Paper-Crane,,,
how to find my stolen phone,https://www.wikihow.com/Find-Your-Stolen-Phone,,,
how to find my stolen phone,https://www.wikihow.com/Retrieve-Data-from-a-Broken-Phone,,,
how to find my stolen phone,https://www.wikihow.com/Find-a-Lost-Cell-Phone,,,
how to find my stolen phone,https://www.wikihow.com/Find-a-Lost-Windows-Phone,,,
how to find my stolen phone,https://www.wikihow.com/Disable-a-Stolen-Mobile-Phone,,,
how to find my stolen phone,https://www.wikihow.com/Block-a-Stolen-Phone,,,
how to find my stolen phone,https://www.wikihow.com/Check-if-an-iPhone-Is-Stolen,,,
how to find my stolen phone,https://www.wikihow.com/Protect-a-Mobile-Phone-from-Being-Stolen,,,
how to find my stolen phone,https://www.wikihow.com/Find-Stolen-Cars,,,
how to find my stolen phone,https://www.wikihow.com/Find-a-Lost-Windows-Phone-7-Device,,,
how to make finger puppets,https://www.wikihow.com/Create-an-Origami-Puppy-Finger-Puppet,,,
how to make finger puppets,https://www.wikihow.com/Make-Felt-Finger-Puppets,,,
how to make finger puppets,https://www.wikihow.com/Make-Finger-Puppets,,,
how to make finger puppets,https://www.wikihow.com/Make-a-Puppet-with-an-Empty-Bottle-and-a-Broom-Stick,,,
how to make finger puppets,https://www.wikihow.com/Draw-a-Friendly-Puppet-on-Your-Hand,,,
how to make finger puppets,https://www.wikihow.com/Make-a-Chipmunk-Puppet-from-a-Glove,,,
how to make finger puppets,https://www.wikihow.com/Make-a-Rabbit-Puppet-out-of-Gloves,,,
how to make finger puppets,https://www.wikihow.com/Make-a-Hand-Puppet,,,
how to make finger puppets,https://www.wikihow.com/Make-a-Straw-and-Pompom-Jack-O%27-Lantern-Puppet,,,
how to make finger puppets,"https://www.wikihow.com/Make-an-HP-Puppet-Pals-Video-Using-Windows-Movie-Maker,-Pics,-and-Paint",,,
how to repaint wooden furniture,https://www.wikihow.com/Remove-Paint-from-Wooden-Objects-and-Refinish-Them,,,
how to repaint wooden furniture,https://www.wikihow.com/Refinish-Wood-with-a-Faux-Whitewash-Technique,,,
how to repaint wooden furniture,https://www.wikihow.com/Paint-a-Row-of-Frisky-Bunnies-in-Watercolor,,,
how to repaint wooden furniture,https://www.wikihow.com/Paint-the-Exterior-of-a-Wooden-Structure,,,
how to repaint wooden furniture,https://www.wikihow.com/Varnish-Raw-and-Unfinished-Wooden-Furniture,,,
how to repaint wooden furniture,https://www.wikihow.com/Repurpose-Household-Items-with-Paint,,,
how to repaint wooden furniture,https://www.wikihow.com/Repaint-a-Guitar,,,
how to repaint wooden furniture,https://www.wikihow.com/Transform-a-Miniature-Wooden-Birdhouse-with-Acrylic-Paint,,,
how to repaint wooden furniture,https://www.wikihow.com/Remove-Paint-from-Metal-and-Plastic-Models-with-Dettol,,,
how to repaint wooden furniture,https://www.wikihow.com/Repaint-Old-Barbie-Dolls,,,
how to catch a fly,https://www.wikihow.com/Capture-FLV-Streaming-Internet-Video-from-Websites-Protected-by-the-HTTP-Protocol,,,
how to catch a fly,https://www.wikihow.com/Catch-a-Gerbil-on-the-Loose,,,
how to catch a fly,https://www.wikihow.com/Catch-a-Ball,,,
how to catch a fly,https://www.wikihow.com/Catch-Red-Snapper,,,
how to catch a fly,https://www.wikihow.com/Catch-a-Football,,,
how to catch a fly,https://www.wikihow.com/Catch-a-Pok%C3%A9mon-in-Any-Game,,,
how to catch a fly,https://www.wikihow.com/Make-a-Perfect-Frisbee-Catch,,,
how to catch a fly,https://www.wikihow.com/Catch-a-Flying-Insect-Quickly,,,
how to catch a fly,https://www.wikihow.com/Catch-a-Deep-Sea-Creature-in-Animal-Crossing:-New-Leaf,,,
how to catch a fly,https://www.wikihow.com/Prepare-for-Getting-Caught-on-the-Inside,,,
how to repair a chipped tile,https://www.wikihow.com/Repair-a-Chip-in-Tile,,,
how to repair a chipped tile,https://www.wikihow.com/Repair-Tile,,,
how to repair a chipped tile,https://www.wikihow.com/Fix-a-Chip-in-a-Quartz-Countertop,,,
how to repair a chipped tile,https://www.wikihow.com/Repair-Cracked-Floor-Tiles,,,
how to repair a chipped tile,https://www.wikihow.com/Repair-Car-Paint-Chips,,,
how to repair a chipped tile,https://www.wikihow.com/Fix-a-Chipped-Bathtub,,,
how to repair a chipped tile,https://www.wikihow.com/Make-Tile-Floors-from-Scrap-Materials,,,
how to repair a chipped tile,https://www.wikihow.com/Repair-Laminate-Flooring-with-Water-Damage,,,
how to repair a chipped tile,https://www.wikihow.com/Fix-a-Chipped-Manicure,,,
how to repair a chipped tile,https://www.wikihow.com/Drill-a-Hole-in-Tile-Using-a-Tile-Hole-Saw,,,
how to make an asian lantern,https://www.wikihow.com/Make-a-Chinese-Lantern,,,
how to make an asian lantern,https://www.wikihow.com/Make-a-Chinese-Paper-Lantern,,,
how to make an asian lantern,https://www.wikihow.com/Make-a-Japanese-Paper-Lantern,,,
how to make an asian lantern,https://www.wikihow.com/Make-an-Origami-Paper-Lantern,,,
how to make an asian lantern,https://www.wikihow.com/Assemble-a-Water-Jug-Lantern-for-Camping,,,
how to make an asian lantern,https://www.wikihow.com/Make-a-Jack-O%27Lantern-from-an-Orange,,,
how to make an asian lantern,https://www.wikihow.com/Celebrate-Asian-Pacific-American-Heritage-Month,,,
how to make an asian lantern,https://www.wikihow.com/Make-a-Diwali-Paper-Lantern,,,
how to make an asian lantern,https://www.wikihow.com/Make-a-Lantern-for-the-Holidays,,,
how to make an asian lantern,https://www.wikihow.com/Design-a-Lantern-in-SketchUp,,,
how to make paper flowers,https://www.wikihow.com/Make-a-Paper-Napkin-Flower-With-a-Plastic-Straw,,,
how to make paper flowers,https://www.wikihow.com/Make-a-Paper-Flower,,,
how to make paper flowers,https://www.wikihow.com/Make-Paper-Flowers,,,
how to make paper flowers,https://www.wikihow.com/Make-Homemade-Paper-Flowers,,,
how to make paper flowers,https://www.wikihow.com/Hang-Paper-Flowers,,,
how to make paper flowers,https://www.wikihow.com/Make-a-Paper-Flower-Bouquet,,,
how to make paper flowers,https://www.wikihow.com/Make-Mexican-Paper-Flowers,,,
how to make paper flowers,https://www.wikihow.com/Paint-a-Flower-on-Rice-Paper-Using-Watercolors,,,
how to make paper flowers,https://www.wikihow.com/Make-Paper-Tropical-Flowers,,,
how to make paper flowers,https://www.wikihow.com/Fold-Paper-Flowers,,,
how to start a grill,https://www.wikihow.com/Start-a-Gas-Grill,,,
how to start a grill,https://www.wikihow.com/Start-a-Traeger-Grill,,,
how to start a grill,https://www.wikihow.com/Season-Cast-Iron-BBQ-Grills-and-Burners,,,
how to start a grill,https://www.wikihow.com/Grill,,,
how to start a grill,https://www.wikihow.com/Grill-in-Your-Oven,,,
how to start a grill,https://www.wikihow.com/Season-a-Grill,,,
how to start a grill,https://www.wikihow.com/Make-a-Smoker-Grill,,,
how to start a grill,https://www.wikihow.com/Sear-Steaks-on-the-Grill,,,
how to start a grill,https://www.wikihow.com/Grill-Indoors,,,
how to start a grill,https://www.wikihow.com/Add-Smoke-to-a-Gas-Grill,,,
how to motivate my child,https://www.wikihow.com/Motivate-Your-Child,,,
how to motivate my child,https://www.wikihow.com/Motivate-Kids-to-Do-Well-in-School,,,
how to motivate my child,https://www.wikihow.com/Motivate-Kids,,,
how to motivate my child,https://www.wikihow.com/Motivate-Teens-Toward-Better-Grades,,,
how to motivate my child,https://www.wikihow.com/Motivate-Students,,,
how to motivate my child,https://www.wikihow.com/Motivate-High-School-Students,,,
how to motivate my child,https://www.wikihow.com/Motivate-a-Friend-Who-Has-the-Blues,,,
how to motivate my child,https://www.wikihow.com/Motivate-an-Autistic-Teen-or-Adult-to-Exercise,,,
how to motivate my child,https://www.wikihow.com/Motivate-Kids-to-Exercise,,,
how to motivate my child,https://www.wikihow.com/Motivate-Lazy-Students,,,
how to sail a boat,https://www.wikihow.com/Travel-for-Free-on-a-Sailboat,,,
how to sail a boat,https://www.wikihow.com/Make-a-Paper-Boat-with-a-Big-Sail,,,
how to sail a boat,https://www.wikihow.com/Use-a-Laptop-on-a-Sailboat,,,
how to sail a boat,https://www.wikihow.com/Sail-a-Boat,,,
how to sail a boat,https://www.wikihow.com/Row-an-Inflatable-Boat,,,
how to sail a boat,https://www.wikihow.com/Make-a-Balloon%E2%80%90Powered-Boat,,,
how to sail a boat,https://www.wikihow.com/Draw-a-Sailboat,,,
how to sail a boat,https://www.wikihow.com/Set-a-Sailboat-Anchor,,,
how to sail a boat,https://www.wikihow.com/Drive-a-Boat-With-an-Outboard-Motor,,,
how to sail a boat,https://www.wikihow.com/Buy-a-Used-Sailboat,,,
how to replace a door,https://www.wikihow.com/Make-a-VIP-T-Shirt-Door-on-Roblox,,,
how to replace a door,https://www.wikihow.com/Hold-a-Door-Open-with-a-Coin,,,
how to replace a door,https://www.wikihow.com/Build-a-Door-on-ROBLOX,,,
how to replace a door,https://www.wikihow.com/Shut-a-Garage-Door-when-the-Sun-Is-Shining-on-the-Electronic-Eyes,,,
how to replace a door,https://www.wikihow.com/Sell-Door-to-Door-Products-when-You%27re-Shy,,,
how to replace a door,https://www.wikihow.com/Clean-the-Insides-of-a-Double-Pane-Window-in-Your-Oven-Door,,,
how to replace a door,https://www.wikihow.com/Replace-Weather-Stripping-at-the-Bottom-of-a-Door,,,
how to replace a door,https://www.wikihow.com/Clean-and-Lubricate-a-Sliding-Glass-Door,,,
how to replace a door,https://www.wikihow.com/Refinish-a-Front-Door,,,
how to replace a door,https://www.wikihow.com/Open-a-Door-with-a-Credit-Card,,,
how to fix a door handle,https://www.wikihow.com/Fix-a-Door,,,
how to fix a door handle,https://www.wikihow.com/Fix-a-Rubbing-Door,,,
how to fix a door handle,https://www.wikihow.com/Repair-Your-Dishwasher%E2%80%99s-Door-Latch,,,
how to fix a door handle,https://www.wikihow.com/Deal-With-the-Pain-of-a-Door-Being-Shut-on-Your-Finger,,,
how to fix a door handle,https://www.wikihow.com/Make-a-Low-Cost-Door-Knob-Extender-for-People-with-Hand-Pain,,,
how to fix a door handle,https://www.wikihow.com/Fix-a-Hole-in-a-Door,,,
how to fix a door handle,https://www.wikihow.com/Hold-a-Door-Open-with-a-Coin,,,
how to fix a door handle,https://www.wikihow.com/Remove-Touch-Up-Paint-That-Has-Dried-on-the-Car-Door,,,
how to fix a door handle,https://www.wikihow.com/Clean-the-Insides-of-a-Double-Pane-Window-in-Your-Oven-Door,,,
how to fix a door handle,https://www.wikihow.com/Replace-a-Door-Sill,,,
how to make kitchen curtains,https://www.wikihow.com/Make-Kitchen-Curtains,,,
how to make kitchen curtains,https://www.wikihow.com/Choose-a-Curtain-Rod-for-Your-Window-Decor,,,
how to make kitchen curtains,https://www.wikihow.com/Make-a-Curtain-of-Colored-Strips-for-Your-Doorframe,,,
how to make kitchen curtains,https://www.wikihow.com/Use-Teacups-As-Curtain-Tiebacks,,,
how to make kitchen curtains,https://www.wikihow.com/Custom-Design-a-Scary-Halloween-Curtain,,,
how to make kitchen curtains,https://www.wikihow.com/Install-a-Shower-Curtain,,,
how to make kitchen curtains,https://www.wikihow.com/Make-a-Privacy-Curtain,,,
how to make kitchen curtains,https://www.wikihow.com/Remove-Mold-from-a-Nylon-Fabric-Shower-Curtain-(Clove-Oil-Method),,,
how to make kitchen curtains,https://www.wikihow.com/Divide-a-Room-with-Curtains,,,
how to make kitchen curtains,https://www.wikihow.com/Keep-a-Shower-Curtain-from-Blowing-in,,,
how to grow lemons,https://www.wikihow.com/Grow-Lemon-Trees-Indoors,,,
how to grow lemons,https://www.wikihow.com/Grow-Lemon-Myrtle,,,
how to grow lemons,https://www.wikihow.com/Grow-Lemon-Verbena,,,
how to grow lemons,https://www.wikihow.com/Grow-Lemon-Balm,,,
how to grow lemons,https://www.wikihow.com/Plant-a-Lemon-Seed,,,
how to grow lemons,https://www.wikihow.com/Cultivate-Lemongrass,,,
how to grow lemons,https://www.wikihow.com/Harvest-Phase-Lemons-in-Slime-Rancher,,,
how to grow lemons,https://www.wikihow.com/Grow-Lemon-Thyme,,,
how to grow lemons,https://www.wikihow.com/Make-Lemonade-when-Life-Gives-You-Lemons,,,
how to grow lemons,https://www.wikihow.com/Zest-a-Lemon,,,
how to grow grapes,https://www.wikihow.com/Grow-Grape-Vines,,,
how to grow grapes,https://www.wikihow.com/Grow-Grapes-from-Seeds,,,
how to grow grapes,https://www.wikihow.com/Propagate-a-Grapevine-from-Store-Bought-Grapes,,,
how to grow grapes,https://www.wikihow.com/Graft-Grape-Vine,,,
how to grow grapes,https://www.wikihow.com/Make-a-Grape-Vine-Tree,,,
how to grow grapes,https://www.wikihow.com/Train-Grape-Vines,,,
how to grow grapes,https://www.wikihow.com/Prune-Grape-Vines,,,
how to grow grapes,https://www.wikihow.com/Prune-Grape-Vines-for-Winter,,,
how to grow grapes,https://www.wikihow.com/Make-Grape-Juice,,,
how to grow grapes,https://www.wikihow.com/Peel-a-Grape,,,
